id,pts,road,green,svf,building,meanh,temp,ws,humi
1,2,35.65,0,21.36,32.24,3.96,26.91,1.1,74
2,3,0,96.99,99.93,0.02,1,27.71,2.6,74
3,2,55.75,0,24.01,23.47,9.87,27.71,2.6,74
4,3,42.27,0,16.28,30.09,4,27.71,2.6,74
5,2,39.95,22.95,14.51,16.79,7.2,27.71,2.6,74
6,3,14.93,55.68,49.45,7,4.16,27.71,2.6,74
7,1,50.06,0.42,31.89,26.26,5.94,27.71,2.6,74
8,2,32.14,3.91,54.41,17.57,3.97,27.71,2.6,74
9,2,43.77,0,53.35,31.49,3.54,27.71,2.6,74
10,2,17.78,56.74,70.74,11.04,4.51,26.37,2.2,84
11,1,38.4,10.41,9.48,25.55,3.6,26.37,2.2,84
12,2,47.58,0,6.71,34.61,5.06,26.37,2.2,84
13,3,47.01,0,18.65,31.3,4.52,26.37,2.2,84
14,2,49.65,0,32.12,34.41,4.71,26.37,2.2,84
15,2,37.54,18.72,43.08,13.09,7.56,26.37,2.2,84
16,1,42.29,0,28.6,45.89,2.2,23.17,1.5,96
17,2,34.56,0,30.89,39,3.32,23.17,1.5,96
18,2,24.77,42.33,31.83,13.1,5.68,23.17,1.5,96
19,2,58.79,0,66.26,22.37,8.54,23.17,1.5,96
20,1,31.34,2.2,46.13,10.38,3.85,22.6,0.9,98
21,1,56.39,0,34.57,26.87,7.2,22.6,0.9,98
22,2,37.71,0,78.29,37.14,3.62,23.17,1.5,96
23,1,39.46,0,2.92,34.7,4.11,23.17,1.5,96
24,3,50.19,0,34.49,28.76,7.41,23.17,1.5,96
25,1,43.59,12.04,19.02,18.3,6.66,23.17,1.5,96
26,2,37.39,12.64,4.13,25.85,3.34,22.76,0.9,98
27,1,36.96,13.42,7.1,25.74,3.3,22.76,0.9,98
28,1,37.57,2.05,37.62,13.09,9.24,22.76,0.9,98
29,4,57.44,0,20.51,17.03,7.61,22.76,0.9,98
30,1,21.53,33.71,16.25,20.59,2.53,22.76,0.9,98
31,2,55.04,0,42.26,24.37,6.41,22.76,0.9,98
32,2,37.59,0,20.92,26.69,3,22.76,0.9,98
33,3,33.46,0,27.55,41.4,2.76,22.76,0.9,98
34,3,33.46,0,27.55,41.4,2.76,22.76,0.9,98
35,1,31.77,14.99,21.78,30.08,2.95,22.76,0.9,98
36,1,38.92,13.09,33.9,20.57,4.04,22.76,0.9,98
37,2,42.43,0,41.18,29.37,5.37,22.76,0.9,98
38,1,31.34,2.2,46.13,10.38,3.85,22.6,0.9,98
39,1,31.08,2.59,12.9,10.18,3.86,22.6,0.9,98
40,2,39.04,16.25,70.97,14.27,5.86,22.6,0.9,98
41,1,32.83,0,5.19,32.35,3.66,22.6,0.9,98
42,1,48.41,0,23.16,17.43,9.45,22.6,0.9,98
43,1,44.53,1,61.52,16.79,8.98,22.6,0.9,98
44,3,43.2,3.16,66.67,28.41,3.76,22.6,0.9,98
45,4,32.04,0,6.45,50.22,2.34,22.6,0.9,98
46,1,45.02,0,25.6,17.99,8.38,22.6,0.9,98
47,3,38.85,0,10.92,36.27,4.77,22.49,0.7,99
48,2,39.84,0,11.11,33.77,4.13,22.49,0.7,99
49,2,52.96,0,62.87,25.56,6.82,22.49,0.7,99
50,1,36.76,0,3.6,31.82,3.31,22.49,0.7,99
51,3,30.21,7.66,0.29,9.27,10.03,22.49,0.7,99
52,1,38.35,10.54,7.5,25.48,3.6,22.46,0.9,98
53,3,43.55,11.46,48.68,18.74,6.62,22.37,0.8,98
54,1,38.33,10.73,4.66,25.39,3.6,22.34,0.9,98
55,3,35.36,31.05,47.88,14.63,7.3,29,1.5,63
56,3,42.28,0,14.63,29.9,4.02,29,1.5,63
57,2,14.07,57.37,48.13,6.68,4,29,1.5,63
58,2,55.51,0,19.38,23.26,9.85,29,1.5,63
59,3,49.06,0.02,40.94,18.69,9.11,29,1.5,63
60,3,49.07,0,14.68,18.63,9.09,29,1.5,63
61,2,48.42,0,8.51,33.27,5.82,27.7,1,70
62,1,34.59,23.36,49.37,10.7,9.9,27.7,1,70
63,3,47.32,0,8.25,34.76,5.03,27.7,1,70
64,3,43.61,12.25,27.36,18.05,6.66,27.7,1,70
65,2,55.81,0,43.23,25.18,6.57,27.7,1,70
66,2,54.77,0,41.5,24.74,6.39,27.7,1,70
67,3,46.2,0,1.23,29.46,4.26,27.7,1,70
68,1,45.1,0,49.26,29.19,4.62,26.91,1.1,74
69,2,41.45,0,32.98,28.88,4,26.91,1.1,74
70,2,53.72,0,76.49,28.8,6.44,26.91,1.1,74
71,2,44.3,0,40.75,28.99,5.69,26.91,1.1,74
72,2,17.75,56.71,70.44,11.01,4.5,26.91,1.1,74
73,2,32.44,0.9,28.54,28.68,3.17,26.91,1.1,74
74,3,51.82,0,14.95,27.41,8.76,26.91,1.1,74
75,3,21.28,34.41,27.49,20.43,2.52,26.91,1.1,74
76,3,51.05,0,16.96,28.02,8.59,26.91,1.1,74
77,3,33.92,26.43,27.11,18.68,6.01,26.91,1.1,74
78,2,23.02,44.94,15.55,12.59,5.49,26.91,1.1,74
79,4,38.46,5.69,29.82,25.66,5.56,26.91,1.1,74
80,2,34.03,4.74,79.58,10.84,8.82,26.91,1.1,74
81,3,47.03,0,20.69,31.26,4.52,26.47,1.5,76
82,3,41.49,14.8,6.9,19.9,5.44,26.47,1.5,76
83,1,60.59,2.39,26.79,18.8,11.61,26.47,1.5,76
84,1,60.59,2.39,26.79,18.8,11.61,26.47,1.5,76
85,3,60.61,0,46.72,22.63,8.99,26.47,1.5,76
86,2,39.04,12.86,32.4,20.63,4.06,26.47,1.5,76
87,2,31.74,14.88,20.37,30.28,2.95,26.47,1.5,76
88,2,31.91,14.8,20.15,30.15,2.95,26.47,1.5,76
89,3,49.88,2.14,29.44,23.98,5.53,26.47,1.5,76
90,2,36.78,0,69.79,37.95,2.91,26.47,1.5,76
91,2,36.76,0,69.99,37.99,2.91,26.47,1.5,76
92,3,35.17,23.88,8.24,19.58,6.02,25.99,1.4,78
93,3,52.22,0,4.69,26.79,6.81,25.99,1.4,78
94,3,37.73,0,6.82,30.99,3.08,25.99,1.4,78
95,3,36.67,0,47.29,31.72,3.33,25.99,1.4,78
96,4,32.04,0,6.45,50.22,2.34,25.99,1.4,78
97,1,31.41,2.21,44.99,10.41,3.85,25.4,1.1,82
98,2,38.85,0,11.17,36.28,4.77,25.4,1.1,82
99,3,30.54,23.43,18.16,23.79,2.72,24.71,1.1,85
100,2,54.68,0,48.84,24.46,7.61,30.8,2.4,70
101,4,46.02,0,2.09,29.26,4.28,30.8,2.4,70
102,2,35.08,11.78,66.16,26.08,6.3,30.8,2.4,70
103,2,34.7,14.73,58.91,25.91,5.93,30.8,2.4,70
104,3,43.73,0,37.38,31.44,3.54,30.8,2.4,70
105,3,57.39,0.91,64.8,22.74,8.1,30.8,2.4,70
106,2,38.3,10.94,30.06,25.31,3.6,30.8,2.4,70
107,3,42.09,12.62,52.34,21.59,4.98,30.13,2.4,73
108,3,38.34,0,35.66,36.62,3.81,30.13,2.4,73
109,3,38.34,0,35.66,36.62,3.81,30.13,2.4,73
110,2,39.79,0,1.33,7.68,7.93,30.13,2.4,73
111,3,53.7,0,42.05,25.19,6.96,30.13,2.4,73
112,3,44.16,7.4,43.55,18.93,7.76,30.13,2.4,73
113,2,17.61,56.92,92.43,10.97,4.48,30.13,2.4,73
114,3,47.28,0,7.75,30.64,4.64,30.13,2.4,73
115,3,40.6,2.46,46.82,34.98,3.78,30.13,2.4,73
116,3,35.45,30.74,0.17,14.75,7.31,30.13,2.4,73
117,4,30.02,25.19,67.14,17.41,4.52,30.13,2.4,73
118,2,36.77,0,70.15,37.99,2.91,30.13,2.4,73
119,2,31.05,2.82,40.53,36.1,2.57,30.13,2.4,73
120,3,35.27,0,22.86,32.91,3.87,30.13,2.4,73
121,1,34.81,3.42,36.2,38.49,3.4,29.7,2.1,75
122,3,23.02,30.97,18.1,20.91,2.83,29.7,2.1,75
123,3,36.68,11,21.42,22.09,4.15,29.7,2.1,75
124,2,38.36,10.68,7.08,25.41,3.59,29.7,2.1,75
125,2,38.11,0,48.93,27.51,2.99,29.7,2.1,75
126,3,35.22,24.17,2.83,19.04,6.13,29.7,2.1,75
127,3,49.58,0,18.54,28.88,8.27,29.7,2.1,75
128,3,49.93,0,18.49,28.59,8.38,29.7,2.1,75
129,3,47.63,1.17,6.74,26.36,5.19,29.16,2,78
130,3,42.93,0,8.5,10.88,6.28,29.16,2,78
131,3,31.77,14.38,21.1,30.97,2.91,29.16,2,78
132,3,31.77,14.38,21.1,30.97,2.91,29.16,2,78
133,3,43.56,11.44,49.94,18.77,6.62,29.16,2,78
134,4,34.03,4.74,79.58,10.84,8.82,29.16,2,78
135,4,57.46,0,2.34,17.04,7.73,29.16,2,78
136,3,34.89,0,12.07,23.8,2.75,29.16,2,78
137,4,51.61,2.72,25.77,19.89,6.1,29.16,2,78
138,3,49.34,1.92,26.36,21.76,7.61,29.16,2,78
139,3,37.38,0.01,21.89,30.74,4.25,28.91,2.2,79
140,3,51.9,0,17.94,20.46,7.96,28.91,2.2,79
141,3,33.44,29.06,57.54,15.25,7.01,28.91,2.2,79
142,2,22.74,45.3,15,12.53,5.48,28.91,2.2,79
143,3,33.34,26.04,31.45,19.53,5.79,28.91,2.2,79
144,2,31.44,2.28,42.82,10.4,3.85,28.91,2.2,79
145,2,48.37,6.53,0.48,14.31,8.34,28.59,1.9,81
146,4,32.04,0,6.45,50.22,2.34,28.59,1.9,81
147,4,33.53,28.01,15.7,15.36,5.31,28.59,1.9,81
148,2,32.68,0,5.28,32.97,3.61,28.59,1.9,81
149,3,43.56,11.52,46.6,18.69,6.63,28.59,1.9,81
150,2,38.67,10.16,8.81,25.66,3.59,27.89,2.2,83
151,2,37.12,2.49,34.76,12.61,9.03,27.86,1.1,88
152,4,36.21,14.54,49.54,15.06,7.8,27.86,1.1,88
153,3,43.97,0,57.35,30.02,3.54,27.86,1.1,88
154,3,42.22,0,15.15,29.57,4.05,27.86,1.1,88
155,3,42.25,10.1,37.58,25.32,4.74,26.74,1.6,92
156,4,30.02,25.19,67.14,17.41,4.52,26.74,1.6,92
157,2,56.71,0,11.2,25.38,10.32,26.74,1.6,92
158,2,21.53,33.52,23.02,20.74,2.52,26.74,1.6,92
159,3,47.03,0,19.78,31.27,4.52,25.84,2.8,89
160,3,36.76,0,13.97,31.94,3.96,25.84,2.8,89
161,3,36.76,0,13.97,31.94,3.96,25.84,2.8,89
162,3,47.94,0,78.67,20.31,5.09,25.84,2.8,89
163,3,32.41,0,49.2,39.86,3.07,25.84,2.8,89
164,1,6.44,45.3,88.42,2.05,1.37,25.84,2.8,89
165,2,36.1,0,48.31,31.99,3.94,25.84,2.8,89
166,3,35.32,23.97,28.71,19.09,6.16,25.84,2.8,89
167,2,36.1,0,48.31,31.99,3.94,25.84,2.8,89
168,3,37.45,0,65.78,26.17,4.64,25.27,2.6,90
169,2,17.75,56.71,70.5,11.01,4.5,25.27,2.6,90
170,2,41.43,0,33.48,28.88,4,25.27,2.6,90
171,3,42.1,0,68.09,31.82,3.21,25.27,2.6,90
172,2,51.49,0,0.81,20.46,8.11,25.27,2.6,90
173,1,31.82,14.65,16.44,30.54,2.94,25.27,2.6,90
174,3,55.97,0.93,39.84,20.96,8.26,25.27,2.6,90
175,2,34.9,0,12.86,23.79,2.76,25.27,2.6,90
176,2,43.84,0,52.58,31.48,3.55,25.27,2.6,90
177,2,33.05,28.96,2.44,15.06,5.33,25.27,2.6,90
178,1,32.09,8.47,58.07,31.13,4.46,25.06,2.7,89
179,2,39.03,12.9,34.62,20.6,4.05,25.06,2.7,89
180,2,36.68,0,13.76,31.57,3.42,25.06,2.7,89
181,2,36.76,0,69.92,37.99,2.91,25.06,2.7,89
182,2,14.99,55.32,3.05,7.03,4.29,25.06,2.7,89
183,2,37.27,2.47,34.02,12.76,9.25,25.06,2.7,89
184,2,30.24,1.74,34.78,10.07,3.79,25.06,2.7,89
185,3,29.17,34.45,19.61,16.57,5.57,24.66,2,90
186,3,22.83,45.28,16.23,12.55,5.46,29.11,2.6,56
187,3,33.67,28.3,64.15,15.61,6.97,29.11,2.6,56
188,3,41.58,0,14.13,31.04,3.9,29.11,2.6,56
189,3,48.02,0,46.55,24.95,4.62,29.11,2.6,56
190,2,33.18,15.02,94.95,27.44,3.16,29.11,2.6,56
191,2,45.38,0,7.9,30.46,4.14,29.11,2.6,56
192,3,61.54,0,32.36,25.09,10.12,29.11,2.6,56
193,2,17.74,56.68,92.37,10.99,4.49,29.11,2.6,56
194,2,32.11,1.43,33.25,28.13,3.36,27.19,2.5,63
195,2,56.75,0,12.08,25.19,10.37,27.19,2.5,63
196,2,36.54,0,51.97,31.43,3.38,27.19,2.5,63
197,3,37.19,5.7,38.3,31.87,3.28,27.19,2.5,63
198,3,45.39,1.36,1.63,17.16,7.78,27.19,2.5,63
199,2,47.69,0,19.37,18.16,9.27,25.96,2.3,64
200,2,42.29,10.15,48.67,25.29,4.74,25.96,2.3,64
201,1,37.29,2.47,33.41,12.76,9.26,25.96,2.3,64
202,2,35.28,24.08,1.7,19.06,6.13,25.96,2.3,64
203,3,53.73,0,16.51,25.73,9.35,25.96,2.3,64
204,2,37.13,13.15,7.76,25.84,3.32,25.96,2.3,64
205,2,31.63,14.52,25.52,30.92,2.91,24.89,2,68
206,2,21.58,33.4,20.15,20.76,2.53,25.96,2.3,64
207,1,43.57,11.57,44.42,18.65,6.61,24.89,2,68
208,2,31.63,14.52,25.52,30.92,2.91,24.89,2,68
209,2,46.64,6.92,9.13,21.08,5.5,24.89,2,68
210,1,41.67,0,29.48,28.87,4.09,24.89,2,68
211,2,37.17,2.43,37.56,12.65,9.02,24.89,2,68
212,2,33.41,28.22,15,15.29,5.31,24.89,2,68
213,1,36.71,0,65.58,37.91,2.93,24.89,2,68
214,2,35.92,21.64,0.33,11.09,9.8,24.89,2,68
215,2,39.36,12.12,8.45,21.17,4.13,23.84,1.7,74
216,2,39.36,12.12,8.45,21.17,4.13,23.84,1.7,74
217,2,33.82,0,63.9,31.52,3.76,23.84,1.7,74
218,2,33.79,0,62.8,31.56,3.75,23.84,1.7,74
219,3,47.04,0,20.82,31.26,4.52,23.84,1.7,74
220,1,47.4,0,4.84,31.82,5.35,23.84,1.7,74
221,1,31.66,1.24,54.65,22.24,2.48,23.84,1.7,74
222,1,31.66,1.24,54.65,22.24,2.48,23.84,1.7,74
223,1,31.39,2.19,45.5,10.41,3.85,23.84,1.7,74
224,1,51.55,1.21,39.08,23.86,6.81,23.09,1.6,79
225,1,35.22,0,11.83,40.14,3.08,22.5,1.7,82
226,3,46.21,0,28.8,29.35,4.27,30.69,1.1,64
227,3,53,3.02,55.65,20,9.42,30.69,1.1,64
228,3,53,3.02,55.65,20,9.42,30.69,1.1,64
229,3,42.33,10.1,50.12,25.3,4.74,30.69,1.1,64
230,3,34.15,0,53.55,38,2.91,30.69,1.1,64
231,3,37.13,2.46,36.18,12.63,9.03,30.69,1.1,64
232,3,42.12,0,47.67,31.09,3.03,30.69,1.1,64
233,2,41.79,8.61,17.82,30.16,4.14,30.69,1.1,64
234,3,36.35,0.24,26.72,29.49,3.43,30.69,1.1,64
235,3,42.16,0,16.68,29.87,4,30.69,1.1,64
236,1,0.26,95.13,96.81,0.24,1.22,30.69,1.1,64
237,3,20.57,38.73,64.51,18.3,2.61,29.4,1,70
238,2,43.07,0,35.27,27.35,4.26,29.4,1,70
239,2,0.17,94.18,95.46,0.25,1.26,29.4,1,70
240,3,37.51,0.02,22.82,30.71,4.26,29.4,1,70
241,2,17.68,56.83,70.03,10.99,4.48,29.4,1,70
242,3,51.17,0,39.33,30.5,6.7,29.4,1,70
243,3,30.72,17.19,69.7,10.34,6.76,29.4,1,70
244,3,47.03,0,20.24,31.26,4.51,29.4,1,70
245,3,52.2,0,5.76,26.78,6.82,29.4,1,70
246,3,33.11,19.2,12.23,12.43,9.19,29.4,1,70
247,2,39.94,0,1.54,7.52,8.06,28.63,0.8,73
248,3,31.68,0,51.68,38.26,2.7,28.63,0.8,73
249,3,46.09,5.14,21.56,24.73,5.25,28.63,0.8,73
250,3,46.09,5.14,21.56,24.73,5.25,28.63,0.8,73
251,2,48.47,0,21.9,17.41,9.46,28.63,0.8,73
252,2,21.52,33.52,25.09,20.77,2.52,28.63,0.8,73
253,3,35.32,24,0.77,19.08,6.13,28.63,0.8,73
254,2,56.76,0,11.03,25.37,10.34,27.9,1.3,75
255,3,41.89,0,32.36,28.69,4.13,27.9,1.3,75
256,3,38.45,0,3.95,26.75,3.04,27.9,1.3,75
257,2,41.43,14.85,6.99,19.93,5.41,27.9,1.3,75
258,1,51.5,1.03,50.88,23.78,6.89,27.9,1.3,75
259,1,51.7,1.12,20.69,23.77,6.94,27.9,1.3,75
260,3,49.81,2.03,31.29,21.42,7.88,27.47,1.1,75
261,3,49.81,2.03,31.29,21.42,7.88,27.47,1.1,75
262,2,31.72,14.49,24.4,30.87,2.92,27.47,1.1,75
263,3,49.6,1,37.18,26.47,5.92,27.47,1.1,75
264,2,37.91,11.94,43.19,24.89,3.61,27.47,1.1,75
265,2,32.84,0,7.3,32.37,3.66,27.47,1.1,75
266,2,32.81,0,8.56,32.48,3.65,27.47,1.1,75
267,2,31.41,2.17,45.79,10.43,3.85,27.03,1.1,77
268,2,38.85,0,12.58,36.28,4.77,27.03,1.1,77
269,3,39.41,12.05,9.85,21.21,4.13,27.03,1.1,77
270,3,33.09,28.89,3.94,15.09,5.33,27.03,1.1,77
271,2,23.01,44.94,15.38,12.59,5.48,26.29,0.9,80
272,3,46.05,0,5.65,33.3,5.04,25.81,1.5,81
273,2,49.65,0,31.84,34.41,4.71,25.41,0.9,83
274,3,38.46,10.43,5.76,25.54,3.59,24.59,1.1,85
275,2,43.8,0,51.29,31.48,3.54,24.53,0.8,97
276,3,35.49,0,36.59,41.75,4.48,24.53,0.8,97
277,1,23.44,44.28,15.87,12.72,5.5,24.53,0.8,97
278,2,39.39,12.08,11.58,21.18,4.13,24.53,0.8,97
279,2,34.87,2.47,13.09,37.08,2.78,24.53,0.8,97
280,3,52,0,13.99,27.08,8.84,24.53,0.8,97
281,1,55.43,0,20.61,23.32,9.84,24.53,0.8,97
282,3,35.48,30.7,0.16,14.77,7.3,24.53,0.8,97
283,2,20.35,37.06,0.51,19.59,2.52,24.2,1.4,97
284,2,42.04,0,18.07,30.29,3.96,24.2,1.4,97
285,2,17.8,56.59,92.43,11.01,4.5,24.2,1.4,97
286,2,41.11,2.52,16.71,26.13,5.93,24.2,1.4,97
287,2,21.52,42.09,50.17,8.48,9.36,24.2,1.4,97
288,3,13.99,61.56,97.15,8.93,3.78,24.2,1.4,97
289,2,44.31,0,40.43,28.99,5.7,24.2,1.4,97
290,3,33.06,28.95,2.28,15.06,5.33,24.2,1.4,97
291,3,43.61,12.09,20.22,18.24,6.66,24.2,1.4,97
292,2,46.42,0,43.78,34.81,4.97,24.2,1.4,97
293,2,42.98,16.75,17.99,13.8,9.1,24.2,1.4,97
294,2,39.84,0,11.11,33.77,4.13,24.26,1.2,98
295,1,39.13,0,23.67,36.8,4.84,24.26,1.2,98
296,2,47.69,0,19.27,18.16,9.27,24.26,1.2,98
297,2,34.02,18.24,29.65,11.11,7.26,24.26,1.2,98
298,1,38.16,11.38,28.52,25.12,3.61,24.26,1.2,98
299,4,57.66,0,21.23,17.25,7.64,24.11,1.5,97
300,2,37.44,0,8.36,26.4,3,24.11,1.5,97
301,3,35.72,21.9,0.44,11.02,9.81,24.11,1.5,97
302,2,51.82,0,19.14,20.46,7.99,24.11,1.5,97
303,2,32.47,27.2,57.34,16.33,5.8,24.11,1.5,97
304,1,38.16,19.37,54.61,16.93,7.18,24.11,1.5,97
305,2,30.55,23.42,18.08,23.79,2.72,24.11,1.5,97
306,2,37.05,2.55,27.3,12.57,9.04,24.11,1.5,97
307,2,31.63,14.45,32.49,31.03,2.9,23.86,2,97
308,2,36.37,18.36,0.33,14.02,4.79,23.86,2,97
309,1,35.96,0,48.6,37.87,3.55,23.86,2,97
310,2,39.05,0.06,68.8,33.47,4.25,23.86,2,97
311,2,38.17,7.47,6.75,27.94,3.43,22.94,2.5,97
312,1,21.48,42.19,50.93,8.48,9.36,23.86,2,97
313,2,38.91,0,10.59,36.3,4.77,22.94,2.5,97
314,1,36.57,0,28.77,28.92,3.63,22.24,2.6,97
315,1,44.08,2.26,10.28,28.46,4.67,22.1,3.4,96
316,2,49.34,0,11.26,22.27,5.11,21.97,2.3,97
317,2,38.51,0,55.45,38.3,4.76,22.54,1.9,78
318,3,46.45,0,26.65,32.37,4.51,22.54,1.9,78
319,1,0,99.34,98.29,0,0,22.54,1.9,78
320,2,39.51,8.9,62.37,24.64,8.36,22.54,1.9,78
321,2,31.77,0,31.74,37.17,3.51,22.54,1.9,78
322,1,43.61,12.21,25.69,18.11,6.67,22.54,1.9,78
323,2,39.86,0,1.36,7.6,7.99,22.54,1.9,78
324,1,38.87,0,55.89,35.56,4.37,21.81,1.7,83
325,1,35.62,22.03,0.22,10.99,9.82,21.81,1.7,83
326,2,42.18,0,16.7,30.08,4,21.81,1.7,83
327,1,29.41,36.43,61.35,9.1,10.18,21.81,1.7,83
328,4,53.24,0,24.94,17.57,11.91,21.81,1.7,83
329,1,36.94,0,13.19,31.08,3.56,21.81,1.7,83
330,1,32.51,0,68.9,8.82,6.88,21.81,1.7,83
331,2,17.64,56.73,91.65,10.95,4.48,21.81,1.7,83
332,1,21.45,35.83,0.46,19.3,2.74,21.81,1.7,83
333,1,33.8,17.16,95.21,6.37,1.13,21.81,1.7,83
334,2,37.61,0.02,19.89,30.71,4.27,21.81,1.7,83
335,1,38.54,9.38,26.87,26.19,3.58,21.81,1.7,83
336,1,35.14,24.28,4.69,19.02,6.13,21.61,1.7,85
337,1,38.88,13.03,36.47,20.7,4.06,21.61,1.7,85
338,1,49.6,1,37.02,26.48,5.92,21.61,1.7,85
339,2,42.07,11.65,22.07,21.23,5.81,21.61,1.7,85
340,2,32.4,0,9.43,33.85,3.73,21.61,1.7,85
341,2,43.6,0,1.78,31.46,3.54,21.61,1.7,85
342,3,47.03,0,20.66,31.27,4.52,21.61,1.7,85
343,1,47.63,0,6.62,34.77,5.05,21.61,1.7,85
344,3,46.43,5.09,38.52,22.25,6.95,21.61,1.7,85
345,3,51.66,0.95,34.43,23.27,7.14,21.61,1.7,85
346,3,8.34,62.77,98.82,5.31,7.95,21.61,1.7,85
347,1,37.15,2.45,36.8,12.64,9.03,21.61,1.7,85
348,1,47.68,0,20.04,18.17,9.27,21.61,1.7,85
349,2,34.86,0,11.11,23.81,2.75,21.61,1.7,85
350,1,37.45,0,65.78,26.17,4.64,21.01,1.3,88
351,1,50.18,0,0.18,29.2,7.3,21.01,1.3,88
352,2,49.8,2.02,31.54,21.43,7.87,21.01,1.3,88
353,3,57.47,0,22.53,16.81,7.71,21.01,1.3,88
354,2,37.49,0,8.51,26.9,2.99,21.01,1.3,88
355,1,46.92,0,48.46,16.16,7.69,21.01,1.3,88
356,1,40.42,0,45.15,36.71,5.1,21.01,1.3,88
357,1,43.15,0,33.74,35.05,3.52,21.01,1.3,88
358,2,41.47,14.83,6.97,19.89,5.44,20.79,0.5,90
359,2,42.25,9.92,18.93,25.38,4.74,20.79,0.5,90
360,2,35.26,31.04,1.42,14.66,7.32,20.79,0.5,90
361,1,52.22,0,4.63,26.78,6.82,20.79,0.5,90
362,1,38.76,0,39.27,36.3,3.87,20.79,0.5,90
363,1,31.36,2.13,47.41,10.42,3.85,20.79,0.5,90
364,2,30.37,7.45,0.33,9.37,10,20.8,0.9,90
365,1,36.62,17.9,37.02,14.32,4.73,20.8,0.9,90
366,2,33.07,28.92,3.96,15.08,5.33,20.8,0.9,90
367,1,36.77,0,69.76,37.98,2.91,20.8,0.9,90
368,1,37.99,0,70.1,30.89,4.36,20.8,0.9,90
369,1,38.1,0,69.54,30.83,4.37,20.8,0.9,90
370,2,36.9,0,5.42,31.45,3.72,18.87,0.4,98
371,2,40.72,0,29.05,33.48,4.2,26.86,1,72
372,3,42.76,0,55.79,30.83,6.2,26.86,1,72
373,2,60.55,2.43,27.08,18.76,11.58,26.86,1,72
374,2,39.79,0,54.21,36.54,5.08,26.86,1,72
375,2,35.8,2.49,19.57,11.44,9.78,26.86,1,72
376,2,34.87,0,20.77,23.82,2.75,26.86,1,72
377,1,56.41,0,23.83,22.93,10.07,26.86,1,72
378,2,43.54,10.99,60.54,19.11,6.61,26.86,1,72
379,3,21.19,36.62,25.17,20.72,2.46,25.76,1.1,76
380,2,37.6,0.02,22.28,30.69,4.27,25.76,1.1,76
381,3,34.54,32.28,51.6,14.26,7.4,25.76,1.1,76
382,2,33.1,28.86,3.87,15.09,5.33,25.76,1.1,76
383,2,34.45,18.43,46.26,11.62,6.99,25.76,1.1,76
384,2,47.15,0,14.22,35.33,4.88,25.76,1.1,76
385,2,51.11,0,51.4,30.65,6.73,25.76,1.1,76
386,2,41.57,14.79,6.9,19.83,5.5,25.76,1.1,76
387,3,51.77,0,14.76,27.45,8.72,25.76,1.1,76
388,3,47.03,0,19.88,31.28,4.52,25.76,1.1,76
389,2,36.2,22.75,33.01,11,9.93,25.76,1.1,76
390,1,36.77,0,69.06,37.95,2.91,25.29,0.9,77
391,2,47.7,0,10.47,18.14,9.32,25.29,0.9,77
392,1,51.6,0,0.59,20.51,8.11,25.29,0.9,77
393,1,21.72,33.31,16.77,20.6,2.6,25.29,0.9,77
394,1,32.47,0.91,29.89,28.67,3.18,25.29,0.9,77
395,2,39,0,8.4,37.87,4.79,25.29,0.9,77
396,3,48.78,1.92,14.89,23.54,6.46,25.29,0.9,77
397,2,42.23,0,15.87,29.97,4.02,25.29,0.9,77
398,2,17.47,57.05,91.91,10.92,4.46,24.9,1,79
399,2,58.04,0,0.18,25.22,10.7,24.9,1,79
400,2,37.56,0,21.06,26.71,2.99,24.9,1,79
401,2,39.3,12.34,10.71,20.97,4.11,24.9,1,79
402,3,57.66,0,21.56,17.18,7.55,24.9,1,79
403,2,47.34,0,0.72,31.92,5.3,24.9,1,79
404,3,35.62,0,53.16,29.6,4.09,24.9,1,79
405,2,41.18,0,23.73,28.85,4.09,24.9,1,79
406,1,36.11,18.68,70.92,13.84,4.82,24.01,1.2,85
407,1,10.6,59.32,90.32,8.68,5.3,24.01,1.2,85
408,2,34.87,0,11.52,23.81,2.75,24.01,1.2,85
409,1,32.61,26.86,77.53,18.28,4.24,24.01,1.2,85
410,2,39.84,0,11.11,33.77,4.13,24.01,1.2,85
411,1,38.72,0,38.96,36.34,3.86,24.01,1.2,85
412,1,31.39,2.27,43.5,10.38,3.85,24.01,1.2,85
413,3,30.23,23.89,9.79,23.72,2.72,23.56,1.4,86
414,1,38.43,10.57,6.14,25.47,3.59,23.56,1.4,86
415,2,42.29,0,14.97,29.96,4.01,27.59,1.4,55
416,3,40.78,7.23,38.25,24.43,5.23,25.33,1.3,65
417,2,34.91,0,14.45,23.77,2.76,25.33,1.3,65
418,1,0.26,95.1,96.41,0.24,1.22,25.33,1.3,65
419,3,47.39,0,10.62,35.15,4.95,25.33,1.3,65
420,1,60.59,2.38,26.74,18.8,11.6,25.33,1.3,65
421,2,47.34,0,28.27,35.69,4.72,25.33,1.3,65
422,1,0.18,94.28,97.07,0.24,1.22,25.33,1.3,65
423,2,36.22,2.39,34.11,32.42,3.22,25.33,1.3,65
424,2,46.15,0,30.84,29.32,4.27,25.33,1.3,65
425,2,17.55,57.03,92.48,10.96,4.48,23.99,0.8,72
426,1,38.05,1.65,33.6,13.32,9.21,23.99,0.8,72
427,1,15.05,55.17,2.7,7.06,4.31,23.99,0.8,72
428,1,36.44,18.32,0.42,14.06,4.8,22.8,0.7,78
429,1,52.08,0,2.46,23.07,6.65,22.8,0.7,78
430,4,57.48,0,19.53,16.93,7.65,22.8,0.7,78
431,3,38.14,20.04,36.58,18.65,6.17,22.8,0.7,78
432,2,48.06,0,27.59,17.58,9.27,22.27,0.6,81
433,2,31.75,14.64,9.05,30.63,2.93,22.27,0.6,81
434,3,47.02,0,18.67,31.28,4.52,22.27,0.6,81
435,3,52.93,0,16.16,26.45,9.11,22.27,0.6,81
436,2,37.3,2.3,41.47,12.74,8.97,22.27,0.6,81
437,1,36.77,0,69.31,37.95,2.91,22.27,0.6,81
438,2,37.53,0,21.39,26.67,3,22.27,0.6,81
439,2,33.22,0,23.71,30.78,3.19,21.47,0.7,85
440,1,31.41,2.27,43.47,10.39,3.85,21.47,0.7,85
441,1,32.73,0,17.84,32.86,3.59,21.47,0.7,85
442,2,32.84,0,7.54,32.35,3.66,21.47,0.7,85
443,1,52.22,0,4.61,26.78,6.82,21.47,0.7,85
444,1,36.57,0,15.33,28.38,3.64,20.19,0.5,90
445,2,49.07,1.82,30.68,21.74,6,25.54,2.2,41
446,1,19.35,49.66,97.86,15.65,2.42,25.54,2.2,41
447,1,35.94,21.63,0.36,11.09,9.8,23.24,1.4,49
448,1,17.31,57.36,91.88,10.88,4.45,23.24,1.4,49
449,1,35.5,23.71,30.12,19.17,6.14,23.24,1.4,49
450,1,1.64,95.32,99.46,0.39,1.93,23.24,1.4,49
451,2,42.23,9.94,17.45,25.37,4.74,23.24,1.4,49
452,1,42.26,0,15.48,29.96,4.02,23.24,1.4,49
453,2,45.53,0,6.86,30.37,4.16,23.24,1.4,49
454,2,34.84,0,21.36,23.83,2.75,21.47,1,59
455,2,48.68,0,25.35,17.79,9.66,21.47,1,59
456,1,34.34,26.5,12.28,15.82,5.26,21.47,1,59
457,3,47.02,0,15.62,31.28,4.52,20.33,1.2,63
458,1,36.76,0,69.76,38,2.91,20.33,1.2,63
459,2,53.08,0,64.06,25.45,6.82,20.33,1.2,63
460,1,38.95,12.68,26.52,20.97,4.11,20.33,1.2,63
461,1,51.81,0,14.91,27.41,8.74,20.33,1.2,63
462,1,39.7,7.38,29.63,24.21,3.91,20.33,1.2,63
463,2,46.31,2.16,29.12,25.57,6.03,19.11,0.8,70
464,1,52.19,0,5.73,26.78,6.82,19.11,0.8,70
465,1,49.69,0,55.23,27.26,6.61,19.11,0.8,70
466,3,49.65,0,30.99,34.39,4.71,19.11,0.8,70
467,1,40.77,23.91,65.61,16.45,6.9,19.11,0.8,70
468,1,31.43,2.33,41.57,10.38,3.85,19.11,0.8,70
469,1,52.64,0,43.35,23.12,6.59,19.11,0.8,70
470,2,38.18,11.29,27.05,25.15,3.6,18.5,1,73
471,1,36.35,18.37,0.33,14.01,4.79,18.5,1,73
472,2,37.54,0.02,21.82,30.71,4.27,18.5,1,73
473,1,46.67,13.73,3.01,18.24,7.47,18.5,1,73
474,1,49.87,0.14,52.56,27.14,5.75,17.76,0.8,77
475,1,38.32,10.75,6.26,25.39,3.6,17.76,0.8,77
476,1,47.03,0,1.53,15.33,6.9,17.76,0.8,77
477,1,33.76,9.85,67.31,23.15,4.23,17.17,0.9,82
478,1,50.47,0.13,29.33,22.26,6.04,25.43,3.2,48
479,3,46.09,0,20.79,29.23,4.27,25.43,3.2,48
480,1,17.45,57.16,92.2,10.93,4.47,25.43,3.2,48
481,1,11.98,74.88,97.21,6.5,2.29,25.43,3.2,48
482,3,45.8,0,22.86,11.72,6.4,23.56,3,50
483,1,36.75,0,69.96,38.02,2.91,23.56,3,50
484,2,0.25,94.91,94.94,0.24,1.22,23.56,3,50
485,2,43.55,0,67.18,25.06,6.08,23.56,3,50
486,1,42.24,0,15.7,29.96,4.02,22.79,3.2,52
487,2,36.56,0,7.11,31.86,3.97,22.79,3.2,52
488,1,38.4,10.59,6.65,25.46,3.59,22.79,3.2,52
489,1,21.65,33.43,19.57,20.61,2.56,22.79,3.2,52
490,1,32.94,29.2,2.75,14.99,5.34,22.79,3.2,52
491,1,35.29,24.07,16.27,19.07,6.13,22.79,3.2,52
492,1,34.23,2.93,84.42,23.09,3.35,22.79,3.2,52
493,1,37.19,2.56,33.97,12.7,9.25,22.79,3.2,52
494,1,61.39,0,30.61,25.03,10.18,21.81,2.6,57
495,1,45.21,1.59,30.43,29.9,4.18,21.81,2.6,57
496,1,53.42,0,58.58,23.26,6.66,21.81,2.6,57
497,2,34.88,0,11.67,23.81,2.75,21.81,2.6,57
498,1,52.19,0,16.43,27.04,8.9,21.81,2.6,57
499,1,37.24,2.36,39.49,12.71,9,21.81,2.6,57
500,1,60.62,2.35,26.64,18.82,11.61,21.81,2.6,57
501,2,36.29,21.89,30.21,20.07,6.14,21.81,2.6,57
502,1,36.55,0,29.67,28.93,3.64,21.81,2.6,57
503,2,49.68,0,32.15,34.35,4.71,20.99,2,62
504,2,40.57,0,31.08,32.54,2.92,20.99,2,62
505,1,45.77,5.6,38.97,24.66,5.26,20.99,2,62
506,1,51.37,0,20.48,20.46,8.11,20.99,2,62
507,2,23.48,48.49,94.26,10.26,4.59,20.99,2,62
508,1,31.43,2.39,39.87,10.37,3.85,19.87,1.6,68
509,2,38.83,0,11.52,35.54,3.74,19.87,1.6,68
510,1,42.06,0,9.45,29.16,4.08,19.87,1.6,68
511,1,35.58,19,53.1,13.45,4.7,19.87,1.6,68
512,1,38.04,0,34.6,36.82,3.74,19.87,1.6,68
513,1,42.24,0,15.12,29.9,4.03,22.01,1.7,84
514,2,51.1,0,52.17,30.74,6.72,22.01,1.7,84
515,1,33.73,9.79,65.62,23.28,4.21,22.01,1.7,84
516,1,38.06,1.56,39.01,13.38,9.18,22.01,1.7,84
517,2,54.81,1.64,5.5,21,8.43,22.01,1.7,84
518,3,34.71,3.95,11.43,38.34,3.44,22.01,1.7,84
519,1,31.39,2.34,41.38,10.36,3.85,18.27,0.6,83
520,1,41.98,0,1.15,28.89,4.07,22.01,1.7,84
521,1,43.59,11.93,5.96,18.41,6.66,22.01,1.7,84
522,1,17.54,57.14,68.2,10.97,4.48,22.01,1.7,84
523,1,35.91,21.64,0.3,11.09,9.8,21.6,1.1,86
524,1,54.31,0,61.24,24.21,7.37,21.6,1.1,86
525,1,38.41,13.65,8.86,20.5,4.08,21.6,1.1,86
526,1,32.96,29.15,2.99,15,5.34,21.6,1.1,86
527,1,50.06,0,53.98,34.62,5.16,21.6,1.1,86
528,2,32.26,0.65,78.38,29.61,2.17,21.6,1.1,86
529,2,32.26,0.65,78.38,29.61,2.17,21.6,1.1,86
530,1,41.53,0,31.59,28.89,4.01,21.36,1.1,86
531,2,46.11,0,31.7,29.37,4.27,21.36,1.1,86
532,2,34.45,18.42,45.88,11.61,6.99,21.36,1.1,86
533,1,38.01,1.69,33.33,13.29,9.22,21.36,1.1,86
534,2,49.12,1.32,54.31,26.05,5.98,21.36,1.1,86
535,3,47.05,0,21.91,31.25,4.52,21.09,0.9,86
536,2,40.53,22.33,12.58,17.02,7.38,21.09,0.9,86
537,1,33.67,2.16,40.58,16.12,4.64,21.09,0.9,86
538,2,41.28,14.61,48.27,20.48,5.23,21.09,0.9,86
539,2,50.08,0,42.91,26.28,4.96,21.09,0.9,86
540,1,48.63,0,8.94,28.73,4.92,20.79,0.9,88
541,1,56.4,0,34.43,26.9,7.19,20.79,0.9,88
542,1,49.13,0,41.72,17.43,10.14,20.79,0.9,88
543,1,45.77,5.6,38.97,24.66,5.26,20.79,0.9,88
544,1,35.16,24.29,9.5,19.03,6.08,20.79,0.9,88
545,1,31.4,2.29,42.78,10.38,3.85,20.79,0.9,88
546,1,48.76,0,43.35,28.69,7.53,20.61,0.8,87
547,1,48.76,0,43.35,28.69,7.53,20.61,0.8,87
548,2,36.46,0,8.87,31.18,3.74,20.61,0.8,87
549,1,36.41,0,14.2,28.32,3.65,20.61,0.8,87
550,2,42.29,9.87,3.61,25.33,4.74,20.61,0.8,87
551,1,0,99.97,98.71,0,0,19.87,0.8,90
552,2,38.82,0,14.01,35.47,3.77,19.43,0.7,91
553,1,43.53,11.11,58.82,19.04,6.62,20.56,1.6,98
554,1,31.13,23.25,34.72,23.67,2.62,20.56,1.6,98
555,1,62.46,0,38.02,23.56,10.08,20.56,1.6,98
556,2,0.28,94.88,93.56,0.22,1.25,20.66,1.8,98
557,2,34.16,18.33,46.42,11.33,7.09,20.66,1.8,98
558,2,30.62,23.34,18.82,23.79,2.72,20.66,1.8,98
559,2,30.62,23.34,18.82,23.79,2.72,20.66,1.8,98
560,2,34.53,32.31,51.6,14.25,7.41,20.66,1.8,98
561,1,15.14,55,1.97,7.1,4.33,20.66,1.8,98
562,2,53.3,0,46.07,25.44,6.87,20.66,1.8,98
563,1,32.08,9.26,75.1,9.74,9.87,20.66,1.8,98
564,3,47.03,0,18.09,31.27,4.52,20.66,1.8,98
565,2,36.75,0,69.18,38,2.91,20.66,1.8,98
566,1,46.91,0,1.18,15.29,6.89,20.66,1.8,98
567,1,42.75,9.59,57.26,22.53,5.66,20.66,1.8,98
568,2,42.37,9.81,15.67,25.29,4.76,20.66,1.8,98
569,2,38.82,0,14.01,35.47,3.77,20.77,1.4,97
570,1,39.11,12.52,12.76,20.98,4.1,20.77,1.4,97
571,2,47.83,0,28.02,34.65,4.85,20.77,1.4,97
572,1,56.96,0,10,25.36,10.43,20.77,1.4,97
573,1,41.49,0,33.77,28.87,4.02,20.77,1.4,97
574,1,17.3,57.42,92,10.88,4.44,20.77,1.4,97
575,3,40.28,0,53,33.61,3.91,20.81,0.9,98
576,1,0,99.97,98.71,0,0,20.81,0.9,98
577,1,36.68,0.1,19.93,30.15,4.2,20.81,0.9,98
578,1,45.17,1.43,32.92,30.11,4.17,20.81,0.9,98
579,2,37.41,0,43.55,35.4,4.48,20.81,0.9,98
580,1,31.82,14.92,21.03,30.12,2.95,20.81,0.9,98
581,1,51.93,0,15.37,27.31,8.78,20.81,0.9,98
582,2,45.36,4.49,50.32,24.63,5.99,20.81,0.9,98
583,1,34.87,0,11.27,23.81,2.75,20.76,0.6,98
584,1,35.52,11.38,61.57,25.78,6.49,20.76,0.6,98
585,1,32.73,29.59,1.46,14.85,5.36,20.76,0.6,98
586,1,51.52,0,0.87,20.47,8.11,20.77,0.4,98
587,2,30.33,7.44,0.28,9.37,10.06,20.77,0.4,98
588,1,52.23,0,4.73,26.79,6.82,20.77,0.4,98
589,1,33.09,0.95,55.45,39.68,3.16,20.77,0.4,98
590,1,56.51,0,33.44,26.8,7.23,20.74,0.2,99
591,1,46.57,0,34.19,15.1,6.96,20.8,0.3,99
592,1,38.94,0,28.42,35.9,4.57,20.77,0.4,99
593,1,36.05,22.15,30.14,20.16,6.1,22.07,1.4,92
594,1,36.05,22.15,30.14,20.16,6.1,22.07,1.4,92
595,1,32.54,0.9,27.96,28.72,3.19,22.07,1.4,92
596,2,38.92,0,73.19,32.36,4.78,22.07,1.4,92
597,1,17.37,57.34,92.29,10.91,4.46,21.77,1.6,92
598,1,46.99,0,2.15,30.79,6.72,21.77,1.6,92
599,1,32.67,0,1.79,36.82,2.46,21.77,1.6,92
600,2,30.4,7.37,0.31,9.41,10.03,21.77,1.6,92
601,2,31.8,14.8,19.94,30.34,2.95,18.27,0.6,83
602,3,47.04,0,19.29,31.26,4.52,21.77,1.6,92
603,2,34.61,32.18,51.47,14.29,7.39,21.77,1.6,92
604,1,45.94,5.48,18.4,24.62,5.25,21.77,1.6,92
605,2,42.35,9.74,5.86,25.4,4.73,21.77,1.6,92
606,2,42.31,0,14.39,29.58,4.06,21.66,1.5,90
607,1,32.62,29.78,45.25,14.78,5.37,21.66,1.5,90
608,3,57.47,0,2.13,17.02,7.72,21.66,1.5,90
609,1,38.9,0,34.98,35.54,3.74,21.66,1.5,90
610,2,34.24,18.34,40.93,11.37,7.12,21.66,1.5,90
611,1,41.15,0,60.18,29.26,3.99,21.66,1.5,90
612,1,38.51,10.32,12.21,25.59,3.59,21.66,1.5,90
613,1,37.07,2.65,34.79,12.65,9.27,21.66,1.5,90
614,1,39.03,18.56,46.88,19.23,6.29,21.66,1.5,90
615,1,39.03,18.56,46.88,19.23,6.29,21.66,1.5,90
616,1,55.04,0,11.87,21.08,8.51,21.33,0.9,92
617,2,15.12,46.69,2.48,8.36,6.98,21.33,0.9,92
618,1,54.45,0,21.64,24.77,6.86,21.33,0.9,92
619,2,31.78,14.96,21.52,30.09,2.95,21.33,0.9,92
620,1,35.86,18.8,58.03,13.69,4.77,21.33,0.9,92
621,1,61.42,0,29.87,25.04,10.2,20.99,0.7,94
622,1,0,99.58,98.62,0,0,20.99,0.7,94
623,1,34.86,0,11.18,23.81,2.75,20.99,0.7,94
624,2,35.02,23.55,28.44,20.01,6.03,20.99,0.7,94
625,1,38.88,0,41.31,36.16,3.88,20.99,0.7,94
626,1,32.03,38.07,86.35,13.06,5.97,20.81,0.8,95
627,1,48.14,0,59.8,20.92,4.6,20.81,0.8,95
628,1,34.69,0.01,66.54,29.44,3.67,20.81,0.8,95
629,1,33.83,1.61,44.99,39.87,3.25,20.81,0.8,95
630,1,47.36,0,4.24,31.81,5.36,20.81,0.8,95
631,1,52.53,0.9,24.22,21.22,5.89,20.54,0.7,95
632,1,34.65,0,11.84,30.44,3.57,20.54,0.7,95
633,1,38.82,0,14.01,35.47,3.77,20.54,0.7,95
634,1,39.77,0,5.53,34.2,5.22,19.9,0.7,97
635,1,36.76,0,20.71,30.81,3.88,19.9,0.7,97
636,1,38.61,0,44.45,36.04,4.57,19.33,<ľřŔ˝>,98
637,4,53.18,0,25.08,17.65,11.86,23,2.1,81
638,1,52.28,0.44,67.1,29.66,6.25,23,2.1,81
639,1,49.45,0.11,6.78,21.34,6.01,23,2.1,81
640,1,36.54,24.44,39.82,15.26,8.68,23,2.1,81
641,1,36.21,0,5.18,34.09,3.81,23,2.1,81
642,1,17.41,57.24,92.25,10.92,4.46,23,2.1,81
643,2,33.05,0,45.81,26.79,3.33,23,2.1,81
644,1,36.76,0,69.3,37.98,2.92,23,2.1,81
645,1,42.45,3.77,62.15,29.4,3.72,18.27,0.6,83
646,1,15.45,54.93,61.98,7.25,4.23,22.39,1.3,84
647,2,52.46,0,55.24,24.63,6.03,22.39,1.3,84
648,2,40.53,22.33,12.58,17.02,7.38,22.39,1.3,84
649,1,45.11,7.69,39.53,27.84,4.95,22.39,1.3,84
650,2,43.78,0,51.62,31.48,3.53,22.39,1.3,84
651,1,47.93,0,1.06,35.43,4.87,22.39,1.3,84
652,1,32.44,0.91,29.37,28.67,3.17,21.69,1.3,86
653,1,45.17,2.21,27,17.14,8.09,21.69,1.3,86
654,1,37.92,0,65.83,41.57,1.74,21.69,1.3,86
655,1,61.31,0,31.7,25.01,10.21,21.69,1.3,86
656,1,43.54,11.44,51.24,18.8,6.65,21.69,1.3,86
657,1,35.37,22.72,38.06,10.86,9.89,21.69,1.3,86
658,2,15.34,46.46,2.32,8.48,7.01,21.69,1.3,86
659,2,37.43,0.02,23.28,30.72,4.25,21.69,1.3,86
660,2,37.43,0.02,23.28,30.72,4.25,21.69,1.3,86
661,2,48.41,0,8.19,33.25,5.82,21.69,1.3,86
662,1,38.82,0,14.01,35.47,3.77,21.69,1.3,86
663,1,45.96,1.42,28.33,16.82,7.81,21.69,1.3,86
664,1,56.12,0.03,47.14,21.68,8.01,21.69,1.3,86
665,3,47.04,0,19.4,31.26,4.52,21.11,1.4,89
666,1,47.39,1,43.89,21.26,6.71,21.11,1.4,89
667,1,41.45,0,34.39,28.86,4.02,21.11,1.4,89
668,2,49,6.03,32.91,19.61,7.73,21.11,1.4,89
669,1,0,99.97,98.71,0,0,21.11,1.4,89
670,1,60.58,2.39,26.77,18.8,11.6,21.11,1.4,89
671,1,32.69,29.65,1.46,14.83,5.36,21.11,1.4,89
672,1,37.87,0,73.45,13.55,7.76,20.46,0.7,90
673,3,34.13,0,61.59,32.54,3.89,20.46,0.7,90
674,3,34.2,0,48.29,32.61,3.89,20.46,0.7,90
675,1,35.74,23.16,30.1,19.41,6.12,20.46,0.7,90
676,1,42.3,4.81,80.3,21.2,5.75,20.46,0.7,90
677,1,36.17,18.47,5.02,13.92,4.77,20.46,0.7,90
678,1,39.01,2.72,29.02,11.71,7.69,20.46,0.7,90
679,1,38.52,6.11,70.38,9.41,8.75,20.46,0.7,90
680,1,36.88,0,60.19,33.86,3.89,20.46,0.7,90
681,1,38.92,0,54.52,32.47,4.28,20.46,0.7,90
682,1,39.8,0,23.62,34.84,5.18,20.46,0.7,90
683,1,51.48,0,0.59,20.46,8.11,20.46,0.7,90
684,3,57.37,0,17.1,17,7.69,20.46,0.7,90
685,2,50.05,0,51.18,29.15,6.99,19.87,0.6,93
686,2,60.56,0,60.65,19.93,8.79,19.87,0.6,93
687,1,36.53,0,16.75,28.56,3.65,18.27,0.6,83
688,1,36.53,0,8.68,28.3,3.65,19.87,0.6,93
689,1,47.39,0,16.57,31.74,5.38,19.74,1,94
690,1,38.33,10.63,7.15,25.44,3.6,23.2,2.6,76
691,2,44.87,0,11.68,30.66,4.11,23.2,2.6,76
692,1,43.52,11.16,58.22,19.02,6.62,23.2,2.6,76
693,2,33.96,0,7.9,31.44,3.65,23.2,2.6,76
694,2,34.84,0,20.11,23.82,2.75,23.2,2.6,76
695,2,34.84,0,20.11,23.82,2.75,23.2,2.6,76
696,2,40.53,22.33,12.58,17.02,7.38,22.66,2.1,80
697,2,42.26,0,14.33,29.83,4.04,22.66,2.1,80
698,2,32.44,0.9,28.99,28.68,3.17,22.46,1.9,81
699,1,37.25,2.35,40.19,12.7,8.99,22.46,1.9,81
700,1,35.85,0,18.55,31.41,5.45,22.46,1.9,81
701,1,15.18,55,45.29,7.11,4.3,22.46,1.9,81
702,1,53.08,0,14.88,26.34,9.14,22.46,1.9,81
703,1,51.79,0,15.13,27.3,8.77,22.46,1.9,81
704,1,53.25,0,20.12,26.1,9.23,22.46,1.9,81
705,1,52.32,0,1.63,23.06,6.67,22.46,1.9,81
706,1,41.37,0,36.18,29.26,4.03,22.46,1.9,81
707,1,36.28,18.32,4.83,13.99,4.76,22.46,1.9,81
708,1,36.54,0,20.25,43.23,4.81,22.46,1.9,81
709,3,47.04,0,18.79,31.26,4.52,22.07,1.9,84
710,1,60.61,2.36,26.64,18.82,11.61,22.07,1.9,84
711,1,37.15,2.62,33.83,12.66,9.27,22.07,1.9,84
712,2,34.63,9.06,1.54,30.93,3.22,22.07,1.9,84
713,1,39.25,12.25,18.65,21.15,4.13,22.07,1.9,84
714,1,36.34,0,5.08,33.95,3.78,22.07,1.9,84
715,3,57.61,0,21.47,17.33,7.71,22.07,1.9,84
716,1,31.82,14.91,20.84,30.14,2.95,22.07,1.9,84
717,2,53.07,0,64.3,25.46,6.83,21.94,1.9,86
718,1,43.58,11.92,5.78,18.43,6.64,21.94,1.9,86
719,1,36.06,0,56.03,13.15,7.27,21.94,1.9,86
720,2,49.52,1.93,30.31,21.67,7.7,21.94,1.9,86
721,2,37.8,20.28,47.68,21.17,6.32,21.94,1.9,86
722,1,33.12,2.52,58.78,39.63,3.32,21.94,1.9,86
723,2,35.21,2.05,2.69,13.89,5.76,21.94,1.9,86
724,1,36.75,0,69.39,38,2.91,21.94,1.9,86
725,1,49.55,12.56,33.37,17.49,7.45,21.76,1.3,86
726,1,35.74,23.22,30.42,19.35,6.14,21.76,1.3,86
727,1,31.42,2.27,43.47,10.39,3.85,21.76,1.3,86
728,1,35.42,0,48.83,28.73,4.13,21.76,1.3,86
729,1,35.43,0,46.64,30.05,4.07,21.76,1.3,86
730,1,38.81,0,40.35,36.23,3.87,21.76,1.3,86
731,1,32.89,11.14,65.67,25.72,3.97,21.76,1.3,86
732,1,33.06,0,55.1,31.54,3.97,23.09,2.3,81
733,1,22.01,51.84,43.86,9.16,7.29,23.09,2.3,81
734,4,53.2,0,25.55,17.61,11.89,23.09,2.3,81
735,1,51.37,0,67.15,22.34,6.15,22.01,2,91
736,1,48.14,0,65.58,25.08,4.98,22.01,2,91
737,1,38.81,13.04,10.42,20.77,4.08,22.01,2,91
738,2,35.92,0,72.49,32.89,3.68,22.01,2,91
739,2,35.92,0,72.49,32.89,3.68,22.01,2,91
740,3,47.04,0,18.45,31.26,4.53,22.01,2,91
741,1,21.85,32.69,20.4,20.88,2.6,21.66,1.9,93
742,1,35.25,0,8.45,33.04,4.15,21.66,1.9,93
743,3,39.73,0.57,9.28,27.96,4.49,21.66,1.9,93
744,2,34.26,18.35,43.37,11.39,7.1,21.66,1.9,93
745,3,30.78,0,79.27,25.05,2.9,21.66,1.9,93
746,1,37.49,0,33.27,37.31,3.65,21.66,1.9,93
747,1,32,11.8,39.19,30.01,3.37,21.66,1.9,93
748,1,35.53,6.07,68.64,31.52,3.54,21.66,1.9,93
749,1,49.46,0.11,6.84,21.3,6.02,21.67,1.7,94
750,2,34.68,0,42.93,31.75,4.02,21.67,1.7,94
751,1,45.29,0,5.41,30.53,4.13,21.79,2.1,93
752,2,41.45,15.07,7.64,19.7,5.49,21.79,2.1,93
753,2,41.45,15.07,7.64,19.7,5.49,21.79,2.1,93
754,1,38.28,0,70.12,13.81,7.69,21.79,2.1,93
755,1,36.09,22.65,34.31,19.4,6.2,21.79,2.1,93
756,1,51.6,0,0.74,20.49,8.13,21.79,2.1,93
757,1,51.6,0,0.74,20.49,8.13,21.79,2.1,93
758,1,31.43,2.35,40.95,10.37,3.85,21.79,2.1,93
759,1,33.12,2.51,58.79,39.64,3.31,21.79,2.1,93
760,1,40.94,0,54.02,32.16,4.93,21.83,2.5,93
761,1,38.16,0,35.3,35.1,4.36,21.83,2.5,93
762,1,36.75,0,69.14,37.99,2.92,21.83,2.5,93
763,1,31.73,15.11,6.1,29.93,2.95,21.83,2.5,93
764,1,43.62,12.23,26.1,18.09,6.68,21.83,2.5,93
765,1,0,99.97,98.71,0,0,21.83,2.5,93
766,1,32.15,19.46,48.65,20.28,4.5,21.83,2.5,93
767,2,37.45,0,65.78,26.17,4.64,21.56,2.6,94
768,2,36.31,2.81,11.93,21.92,4.48,21.56,2.6,94
769,2,36.26,2.81,55.05,22.09,4.41,21.56,2.6,94
770,1,56.02,0,41.22,27.08,7.04,21.36,2.3,95
771,2,45.59,0,23.84,30.38,4.16,28.93,1.7,73
772,1,35.71,23.33,33.62,19.2,6.2,28.93,1.7,73
773,3,30.26,7.53,0.35,9.33,10.06,28.93,1.7,73
774,3,51.71,0,68.87,22.6,6.27,28.13,1.5,75
775,1,36.12,0,30.71,31.09,5.52,28.13,1.5,75
776,2,42.33,0,13.93,29.68,4.06,28.13,1.5,75
777,3,47.04,0,18.14,31.26,4.52,28.13,1.5,75
778,2,17.4,57.25,92.16,10.91,4.46,28.13,1.5,75
779,2,32.45,0.9,28.55,28.68,3.17,28.13,1.5,75
780,2,36.74,0,69.25,38.01,2.92,28.13,1.5,75
781,3,47.21,0,9.15,34.92,5.02,26.99,1,81
782,1,50.81,0,2.36,28,8.55,26.99,1,81
783,3,37.38,0.01,22.15,30.74,4.25,26.99,1,81
784,3,39.53,0.53,17.18,28.32,4.5,26.99,1,81
785,2,15.31,54.93,52.41,7.17,4.25,26.99,1,81
786,3,12.86,35.06,52.21,4.96,3.52,26.99,1,81
787,2,51.51,0,13.88,20.46,8.13,26.99,1,81
788,1,32.91,4.02,80.98,23.99,3.63,26.99,1,81
789,2,36.54,0,11.62,44.29,4.82,26.99,1,81
790,2,49.83,0,58.6,29.43,6.79,26.4,1.2,85
791,1,35.3,0,16.83,46.1,4.35,26.4,1.2,85
792,1,35.28,0,23.43,46.33,4.23,26.4,1.2,85
793,2,37.08,2.73,33.45,12.57,9.27,26.4,1.2,85
794,2,37.02,0,58.8,32.15,3.52,26.4,1.2,85
795,2,49.67,0,33.21,34.38,4.71,25.8,0.8,88
796,1,41.97,0,0.6,28.77,4.07,25.8,0.8,88
797,3,47.1,0,0.68,20.78,8.01,25.8,0.8,88
798,1,31.44,2.38,40.27,10.37,3.85,25.8,0.8,88
799,3,34.84,0,21.77,23.83,2.75,25.8,0.8,88
800,1,32.67,29.69,42.94,14.82,5.36,25.31,0.9,91
801,2,1.04,97.98,98.61,0,0,25.31,0.9,91
802,1,38.17,0,34.96,36.73,3.77,25.31,0.9,91
803,2,46.09,5.15,21.54,24.73,5.25,25.31,0.9,91
804,2,33.11,2.51,58.87,39.64,3.31,24.94,1.2,93
805,2,49.54,12.57,33.9,17.49,7.46,24.24,0.8,96
806,1,14.4,56.73,43.56,6.76,4.06,24.89,2.3,95
807,2,17.42,57.16,91.98,10.91,4.46,24.89,2.3,95
808,1,42.3,8.59,69.17,23.93,5.13,24.89,2.3,95
809,1,41.44,9.04,66.01,24.15,4.86,24.89,2.3,95
810,2,39.84,0,11.11,33.77,4.13,24.87,2.4,94
811,3,30.6,23.38,18.54,23.78,2.72,24.87,2.4,94
812,1,40.82,2.32,62.93,28.49,5.65,24.87,2.4,94
813,2,34.31,18.37,43.54,11.44,7.08,24.87,2.4,94
814,1,39.19,18.24,48.16,19.29,6.29,24.87,2.4,94
815,1,41.04,0,55.73,29.17,3.99,24.87,2.4,94
816,2,60.23,2.52,39.07,18.55,11.5,24.71,3.1,93
817,3,32.27,0,63.78,26.53,3.33,24.71,3.1,93
818,3,57.55,0,17.5,16.95,7.72,24.71,3.1,93
819,1,37.26,2.34,40.32,12.71,8.99,24.71,3.1,93
820,2,51.49,0,0.65,20.46,8.11,24.71,3.1,93
821,2,37.36,0,49.95,32.25,4.02,23.69,3.9,94
822,2,49.58,1.93,25.01,21.49,7.8,23.69,3.9,94
823,2,30.33,7.43,0.28,9.37,10.06,23.69,3.9,94
824,2,32.25,0,80.24,22.85,2.82,23.69,3.9,94
825,3,37.42,0.02,22.92,30.72,4.25,23.1,4,95
826,1,21.82,32.77,19.53,20.87,2.58,23.1,4,95
827,2,30.45,0,42.75,54.08,1.69,23.1,4,95
828,2,38.78,0,16.94,35.49,3.76,23.1,4,95
829,2,41.4,0,10.98,31.9,3.9,23.1,4,95
830,2,55.94,0,25.93,27.59,8.09,23.1,4,95
831,2,31.85,14.85,20.28,30.19,2.95,23.1,4,95
832,1,31.43,2.33,41.58,10.38,3.85,23.1,4,95
833,2,36.51,0,36.23,33.88,3.81,22.64,4,97
834,2,52.19,0,5.81,26.78,6.81,22.64,4,97
835,1,56.25,0,35.84,27.01,7.09,22.64,4,97
836,2,0,99.97,98.71,0,0,22.4,3.9,98
837,1,36.91,0,13.13,31.39,3.71,22.4,3.9,98
838,3,49.51,12.62,33.55,17.48,7.46,22.23,4.8,96
839,2,38.03,5.24,7.93,34.81,3.32,24.39,1.5,66
840,1,42.29,0,14.55,29.91,4.02,24.39,1.5,66
841,1,16.67,58.26,80.32,10.68,4.36,24.39,1.5,66
842,1,36.74,0,69.21,38.01,2.92,22.16,1.3,77
843,2,43.56,11.43,50.14,18.78,6.62,22.16,1.3,77
844,2,36.09,22.15,29.84,20.1,6.11,22.16,1.3,77
845,1,21.72,32.95,17.67,20.88,2.54,22.16,1.3,77
846,1,35.25,24.25,34.13,18.81,6.18,22.16,1.3,77
847,1,44.53,2.33,90.88,23.7,2.59,21.06,1,83
848,3,47.03,0,19.32,31.27,4.52,21.06,1,83
849,1,41.55,0,33.57,28.86,4.03,21.06,1,83
850,1,40.39,0.18,44.71,14.36,9.14,21.06,1,83
851,1,37.75,2.09,26.07,12.98,9.2,21.06,1,83
852,2,34.86,8.84,1.89,30.97,3.21,21.06,1,83
853,1,60.56,0,49.91,20.66,8.77,20.37,1.2,83
854,1,45.2,0,17.08,30.66,4.11,20.37,1.2,83
855,1,52.92,0,18.27,26.37,9.16,20.37,1.2,83
856,3,57.57,0,21.22,17.18,7.72,20.37,1.2,83
857,1,31.83,14.9,20.61,30.14,2.95,20.37,1.2,83
858,2,41.42,15.13,7.78,19.68,5.48,20.37,1.2,83
859,1,46.2,5.33,18.09,24.59,5.24,20.37,1.2,83
860,1,36.3,18.2,5.03,14.04,4.73,19.36,1.1,86
861,2,37.8,0,83.89,31.69,3.97,19.36,1.1,86
862,1,51.48,0,18.08,20.46,8.13,19.36,1.1,86
863,1,51.48,0,18.08,20.46,8.13,19.36,1.1,86
864,1,38.62,0,38.02,36.43,3.86,19.36,1.1,86
865,1,31.43,2.35,40.88,10.37,3.85,19.36,1.1,86
866,1,30.2,4.56,9.79,22.17,2.81,18.39,0.9,90
867,1,56.33,0,35.21,26.91,7.16,18.39,0.9,90
868,1,48.72,0,39.19,17.59,10,18.39,0.9,90
869,1,0,99.97,98.71,0,0,18.39,0.9,90
870,2,48.18,0,28.62,26.84,9.17,16.96,1,92
871,1,34.59,0.59,89.89,21.31,3.05,15.14,0.8,96
872,1,40.99,0,59.3,32.22,5.48,21.89,2.5,71
873,2,43.73,0,16.2,30.63,5.09,25.73,1.7,49
874,3,43.71,0,19.9,30.6,5.07,25.73,1.7,49
875,1,38.55,19.65,23.77,11.73,9.73,23.34,0.9,59
876,1,17.49,57.24,66.81,10.96,4.47,23.34,0.9,59
877,1,50.57,0,53.73,20.5,6.04,23.34,0.9,59
878,1,34.59,25.25,3.87,18.89,6,23.34,0.9,59
879,1,32.46,0.9,29.33,28.69,3.17,20.19,0.8,74
880,1,37.62,2.16,30.71,12.94,9.22,23.34,0.9,59
881,1,37.72,2.01,32.82,13.07,9.23,23.34,0.9,59
882,3,47.03,0,19.32,31.27,4.52,23.34,0.9,59
883,1,39.02,12.88,32.04,20.65,4.05,21.31,0.9,69
884,1,42.05,0,51.9,28.99,5.45,21.31,0.9,69
885,1,32.79,1.88,81.2,12.97,5.24,21.31,0.9,69
886,2,61.42,0,29.97,25.04,10.2,21.31,0.9,69
887,1,21.9,32.34,16.36,21.28,2.51,21.31,0.9,69
888,2,33.49,0,48.77,31.57,3.72,20.19,0.8,74
889,2,36.99,0,58.82,31.86,4.05,20.19,0.8,74
890,3,57.65,0,21.04,17.18,7.65,20.19,0.8,74
891,1,54.81,0,17.5,29.42,4.72,20.19,0.8,74
892,2,14.94,55.61,46.48,7.01,4.17,20.19,0.8,74
893,1,33.29,28.46,0.04,15.22,5.32,20.19,0.8,74
894,2,34.37,18.38,43.04,11.49,7.07,20.19,0.8,74
895,1,0,99.97,98.71,0,0,20.19,0.8,74
896,1,52.58,0,18.25,26.7,9.06,20.19,0.8,74
897,2,49.89,2.05,30.71,21.31,7.92,20.19,0.8,74
898,2,30.4,7.49,31.98,9.37,9.97,18.94,0.8,80
899,2,35.21,23.88,9.4,19.41,6.05,18.94,0.8,80
900,1,49.55,12.55,33.45,17.49,7.45,18.94,0.8,80
901,1,34.85,0,20.82,23.82,2.75,18.94,0.8,80
902,1,47.54,0,19.57,31.67,5.37,18.94,0.8,80
903,3,39.85,0.56,6.4,27.98,4.54,16.29,0.5,93
904,1,32.49,0.92,29.25,28.65,3.19,15.21,0.8,95
905,2,44.68,0,14.49,30.99,4.05,24.83,2.7,55
906,2,51.94,0,70.72,22.69,6.33,24.83,2.7,55
907,3,40.58,2.44,62.56,28.96,5.54,24.83,2.7,55
908,1,17.53,57.12,68.43,10.96,4.48,24.83,2.7,55
909,2,14.44,56.66,43.31,6.77,4.06,24.83,2.7,55
910,1,35.16,22.42,48.36,10.88,9.82,23.16,2.5,64
911,1,47.5,0.73,46.37,25.81,6.38,23.16,2.5,64
912,1,36.76,0,69.34,37.99,2.91,23.16,2.5,64
913,1,51.48,0,0.71,20.49,8.08,23.16,2.5,64
914,1,40.56,10.95,51.67,21.48,4.28,23.16,2.5,64
915,1,34.69,0,25.45,35.01,4.99,21.89,2.5,71
916,2,42.45,9.66,14.59,25.34,4.75,21.89,2.5,71
917,1,43.76,0,52.59,31.48,3.54,21.89,2.5,71
918,1,35.35,18.97,38.98,13.62,9.01,21.89,2.5,71
919,1,51.18,0,16.4,27.91,8.6,21.89,2.5,71
920,2,54.86,0,10.91,29.38,4.74,21.5,2.2,70
921,2,21.21,46.21,95.23,13.97,4.97,21.5,2.2,70
922,1,17.66,56.92,69.9,11,4.49,24.27,4,54
923,1,18.06,56.19,70.45,11.08,4.53,22.99,2,64
924,1,17.43,57.28,67.01,10.94,4.46,24.36,2.6,72
925,1,21.75,32.82,17.55,20.94,2.54,23.43,1,83
926,1,22.67,43.32,83.07,12.54,2.48,23.43,1,83
927,1,24.04,37.3,51.79,9.56,6.05,22.81,0.9,86
928,1,17.47,57.23,67.45,10.95,4.47,21.97,1.1,91
929,1,18.49,55.58,45.96,11.27,4.76,21.97,1.1,91
930,1,15.13,55.2,47.34,7.08,4.23,21.5,1.4,93
931,1,17.54,57.08,92.58,10.96,4.48,25.29,3,47
932,1,14.24,57.04,46.38,6.72,4.02,24.39,3,49
933,2,35.05,31.46,46.35,14.52,7.33,23.86,3.1,54
934,1,21.73,33.02,17.86,20.82,2.55,23.86,3.1,54
935,1,4.71,64.04,99.84,0.67,1.62,23.43,3.3,59
936,1,0,99.97,98.71,0,0,21.73,2.3,72
937,2,0,99.97,98.71,0,0,24.36,3.7,65
938,1,17.44,57.29,66.86,10.94,4.46,24.36,3.7,65
939,1,18.5,56.23,51.98,11.42,4.91,24.36,3.7,65
940,1,22.13,32.73,28.35,21.54,2.49,23.43,3.6,70
941,1,25.67,37.1,3.84,19.65,2.59,24.3,3.9,68
942,1,17.44,57.13,92,10.92,4.46,22.63,3.6,73
943,2,0,99.97,98.71,0,0,22.39,3.1,74
944,2,0.45,97.34,100,0.04,2.41,22.26,3.3,76
945,1,10.5,37.23,21.96,9.34,7.1,22.26,3.3,76
946,2,17.39,57.16,91.63,10.9,4.46,26,1.2,82
947,2,17.39,57.16,91.63,10.9,4.46,26,1.2,82
948,3,35.24,31.15,45.39,14.61,7.31,26,1.2,82
949,3,21.77,42.59,78.02,8.82,5.75,25.63,1.2,84
950,2,17.58,56.92,92.16,10.95,4.48,28.39,1.8,69
951,2,15,55.48,45.79,7.03,4.19,28.89,3.1,64
952,1,0,98.17,99.86,0,0,28.89,3.1,64
953,1,17.56,56.89,91.85,10.94,4.47,28.37,2.9,66
954,2,32.46,37.05,79.56,12.35,7.69,27.59,3,68
955,4,0,99.97,98.71,0,0,27.37,3.4,69
956,2,17.48,57.03,91.85,10.92,4.46,25.66,3.2,56
957,2,14.78,56,47.11,6.94,4.11,24.23,2.9,60
958,1,17.26,57.4,91.6,10.87,4.43,19.56,3.3,59
959,1,23.5,30.7,0.49,20.75,2.86,19.56,3.3,59
960,1,9.63,41.12,36.36,8.4,7.09,17.3,2.4,68
961,1,5.87,88.07,98.9,0.56,1.15,15.1,1.4,78
962,1,17.47,57.07,92.05,10.93,4.47,19.91,3.1,49
963,1,0,99.97,98.72,0,0,18.6,3.1,57
964,1,21.14,34.91,28.14,20.22,2.53,17.49,2.2,62
965,1,8.97,42.83,19.47,8.04,7.08,14.06,0.8,78
966,1,17.28,57.42,91.88,10.87,4.44,22.1,1.6,63
967,1,12.6,51.15,97.29,4.87,1.06,18.37,0.8,79
968,1,26.92,35.37,59.17,12.12,6.09,18.71,1.1,82
969,1,17.25,57.46,91.79,10.86,4.43,21.64,3.1,56
970,1,0,99.97,98.71,0,0,16.41,2.3,60
971,2,26.89,35.81,50.9,12.25,6.13,18.37,0.8,79
972,1,17.25,57.47,91.8,10.86,4.43,21.1,1.3,49
973,1,28.41,34.46,42.37,13.37,6.78,21.1,1.3,49
974,2,27.09,34.84,59.82,12.15,6.07,17.61,0.7,66
975,1,16.65,58.69,92.47,10.71,4.34,20.54,1,67
976,2,35.07,31.42,46.23,14.53,7.32,19.27,0.6,72
977,1,4.79,36.98,98.22,3.2,1.16,18.74,0.7,77
978,2,26.89,35.75,53.4,12.21,6.13,19.8,0.9,75
979,1,17.31,57.36,91.82,10.88,4.44,19.8,0.9,75
980,2,20.52,37.95,19.83,20.07,2.47,18.54,0.7,81
981,3,28.24,34.81,39.67,13.17,6.75,18.54,0.7,81
982,1,31.68,30.35,55.34,16.49,5.98,18.54,0.7,81
983,1,13.67,59.95,92.78,10.01,4.81,17.97,0.7,85
984,1,8.3,72.59,91.35,6.7,3.72,17.97,0.7,85
985,1,28.24,34.81,39.67,13.17,6.75,17.26,0.7,87
986,1,9.19,42.63,26.84,8.03,7.11,17.26,0.7,87
987,1,26.92,35.5,65.32,12.01,6.23,16.97,0.7,88
988,1,0,99.97,98.71,0,0,16.83,1.1,88
989,3,28.31,34.64,36.82,13.24,6.76,21.61,2.1,70
990,1,21.08,37.63,62.02,18.5,2.74,20.87,2.4,76
991,1,17.19,57.55,91.58,10.85,4.43,20,2.3,73
992,2,26.3,37.74,32.03,11.99,5.94,20,2.3,73
993,1,35.56,31.99,69.25,14.95,2.07,18.81,1.9,81
994,1,26.95,35.39,57.67,12.14,6.09,16.67,0.4,87
995,2,35.09,31.4,46.58,14.53,7.32,20.03,0.8,73
996,1,28.42,34.39,37.54,13.36,6.79,16.1,0.5,91
997,1,0,99.97,98.71,0,0,16.1,0.5,91
998,1,35.79,30.42,29.34,13.18,8.6,15.34,0.2,93
999,2,28.46,34.31,38.23,13.39,6.83,21.63,0.8,62
1000,1,15.17,54.91,2.3,7.11,4.36,18.77,0.5,78
1001,1,28.23,34.86,41.95,13.17,6.75,17.01,0.6,85
1002,1,22.72,42.62,39.67,7.83,3.37,22.1,0.5,50
1003,1,22.63,42.75,0.22,7.82,3.37,22.1,0.5,50
1004,2,20.7,45.93,40.21,8.12,3.32,22.1,0.5,50
1005,2,26.95,35.4,57.72,12.14,6.09,17.44,0.5,74
1006,1,12.89,35.24,51.27,4.94,3.54,16.51,0.4,79
1007,2,34.99,31.57,48.31,14.48,7.34,24.37,2.2,55
1008,2,34.6,32.12,47.53,14.31,7.4,26.31,3.1,74
1009,1,21.8,32,17.76,18.92,3.65,19.73,3.5,81
1010,2,26.94,34,67.34,12.2,5.78,33.6,2.9,47
1011,1,3.09,90.19,43.72,1.45,2.48,30.84,2,56
1012,3,32.16,30.38,55.15,14.5,5.39,30.84,2,56
1013,1,15.28,54.99,52.52,7.16,4.24,30.84,2,56
1014,3,6.48,63.93,99.35,2.92,5.51,29.67,1.6,59
1015,2,12.85,53.17,60.99,10.05,3.06,26.76,0.8,73
1016,3,32.09,30.56,56.57,14.48,5.4,33.39,2,46
1017,3,14.87,39.75,97.54,5.15,4.47,30.8,2.1,58
1018,3,34.6,32.11,47.62,14.29,7.41,30.8,2.1,58
1019,3,11.88,55.22,62.78,9.66,2.96,27.57,1.3,69
1020,3,11.99,54.76,78.08,9.71,2.95,30.94,1.6,64
1021,3,26.05,34.19,68.07,11.63,6.73,30.94,1.6,64
1022,2,15,55.29,2.78,7.03,4.29,28.67,1.6,73
1023,2,13.12,51.53,89.05,10.03,2.87,27.87,1.3,71
1024,2,14.64,47.44,85.9,10.58,2.87,27.87,1.3,71
1025,4,28.36,31.98,1.14,10.57,6.73,30.09,0.8,69
1026,1,15.01,55.25,2.02,7.02,4.34,27.27,0.9,82
1027,4,32.17,30.42,55.5,14.52,5.39,27.27,0.9,82
1028,3,22.21,41.94,73.27,10.55,3.78,26.56,0.6,86
1029,3,1.76,80.4,29.39,0.45,1.09,31.36,2.8,59
1030,4,18.09,41.14,21.03,9.63,6.74,31.36,2.8,59
1031,2,14.85,55.85,47.59,6.97,4.14,31.36,2.8,59
1032,4,18.02,41.37,20.24,9.61,6.75,30.26,2.8,64
1033,4,18.16,40.87,23.28,9.57,6.74,29.5,2.8,78
1034,3,31.9,30.85,58.96,14.36,5.42,27.17,2.4,<ľřŔ˝>
1035,4,26.72,34.71,8.57,10.2,6.57,30.79,3,62
1036,4,17.74,41.88,20.14,9.41,6.72,30.79,3,62
1037,4,26.9,30.22,17.67,10.09,5.9,30.79,3,62
1038,3,25.52,36.9,47.23,10.52,7.18,30.79,3,62
1039,2,14.7,56.21,49.85,6.9,4.08,28.19,1.1,84
1040,4,18.46,40.43,22.15,9.73,6.77,28.47,1.5,81
1041,3,24.52,39.74,88.97,12.52,5.11,28.47,1.5,81
1042,3,32.04,30.59,56.94,14.42,5.41,26.74,1.2,91
1043,2,26.02,34.16,53.67,11.72,6.7,31.4,2.1,58
1044,2,17.74,56.71,92.51,11,4.5,27.91,1.5,71
1045,1,5.77,60.42,97.75,2.1,2.12,28.23,3.4,72
1046,3,13.76,50.18,89.96,10.23,2.91,26.91,2.2,77
1047,3,2.44,60.7,98.27,0.56,1.26,28.59,1.7,74
1048,3,28.33,35.5,23.12,13.85,6.56,28.17,1.2,77
1049,2,32.1,30.42,56.44,14.44,5.41,26.93,0.7,85
1050,2,22.82,36.09,88.17,18.15,2.49,26.87,3.4,69
1051,1,17.32,57.58,60.62,10.92,4.44,26.19,2.8,72
1052,1,15.04,55.41,48.1,7.04,4.19,26.19,2.8,72
1053,2,31.94,30.81,58.57,14.39,5.41,25.33,3.1,73
1054,2,23.89,47.99,94.23,5.16,1.93,24.31,2.2,76
1055,2,26.21,35.66,10.04,10.08,6.61,24.51,1.7,88
1056,1,17.9,56.57,70.6,11.08,4.53,24.51,1.7,88
1057,3,26.79,36.6,30.83,12.13,5.92,30.37,1.9,60
1058,3,26.16,35.73,10.16,10.06,6.62,30.37,1.9,60
1059,3,26.16,35.73,10.16,10.06,6.62,30.37,1.9,60
1060,1,17.96,56.45,70.46,11.09,4.54,27.74,0.9,73
1061,2,17.96,56.45,70.46,11.09,4.54,27.74,0.9,73
1062,2,29.37,32.24,9.44,13.67,7.05,30.89,2,45
1063,3,32.17,30.4,55.29,14.51,5.39,27.09,0.8,62
1064,2,11.7,55.97,57.96,9.56,2.96,25.91,1,67
1065,3,35.88,30.03,18.58,14.99,7.31,25.07,0.8,71
1066,3,35.88,30.03,18.58,14.99,7.31,25.07,0.8,71
1067,1,26.73,36.53,27.81,12.23,6,27.86,2.7,65
1068,4,15.26,46.3,1.57,8.37,6.96,27.64,1.2,67
1069,1,17.85,56.74,70.76,11.1,4.55,25.81,1.8,75
1070,3,26.23,35.62,10.09,10.07,6.61,30.33,1.8,53
1071,2,17.89,56.67,70.63,11.1,4.55,30.33,1.8,53
1072,3,35.85,30,14.16,15,7.34,29.23,1.6,58
1073,4,21.92,44.04,59.39,13.45,2.96,29.23,1.6,58
1074,2,15.13,54.98,2.62,7.09,4.34,27.57,0.7,65
1075,1,26.73,36.78,33.76,12.1,5.93,27.57,0.7,65
1076,3,31.93,30.86,58.85,14.39,5.42,22.63,1,95
1077,1,17.92,56.54,70.55,11.08,4.53,22.63,1,95
1078,2,19.09,36.13,88.05,11.31,3.86,22.41,0.7,96
1079,1,26.8,36.61,30.96,12.13,5.92,22.37,0.4,97
1080,3,15.12,55.02,2.93,7.08,4.34,30.86,1.5,59
1081,4,32.1,30.5,56.15,14.47,5.39,30.86,1.5,59
1082,3,30.35,31.12,62.33,14.03,7.12,30.03,1.3,65
1083,1,17.36,57.68,48.58,10.97,4.45,28.4,1.6,72
1084,3,35.4,30.95,45.76,14.67,7.29,28.4,1.6,72
1085,2,17.83,56.66,70.86,11.05,4.52,30.84,1.2,56
1086,4,15.37,46.01,1.99,8.37,6.95,30.84,1.2,56
1087,2,14.19,71.49,98.57,4.12,2.23,30.84,1.2,56
1088,3,15.2,54.83,25.32,7.12,4.37,29.39,0.8,64
1089,3,11.68,55.42,72.22,9.47,2.87,28.21,1.1,71
1090,1,26.53,37.18,23.56,12.07,5.94,26.44,3,72
1091,4,15.31,46.12,1.6,8.36,6.96,26.44,3,72
1092,2,14.07,57.37,52.97,6.7,3.97,25.81,2.1,72
1093,2,32.23,30.28,54.32,14.53,5.39,25.49,1.8,71
1094,2,25.92,35.77,10.39,10.09,6.61,25.2,1.8,72
1095,4,15.3,46.14,1.6,8.36,6.96,27.81,2.2,66
1096,1,26.5,37.07,33.51,12.18,5.93,27.81,2.2,66
1097,1,5.67,87.75,99.8,1.59,1.95,27.81,2.2,66
1098,1,17.71,56.78,92.59,11,4.49,26.33,3,71
1099,2,28.79,30.82,40.91,10.97,6.55,25.04,3.3,75
1100,1,11.53,55.97,71.59,9.37,2.85,23.97,2.4,78
1101,2,32.1,30.46,55.85,14.46,5.4,25.74,1.8,79
1102,1,23.85,30.6,82.76,5.69,4.16,25.47,2.2,79
1103,1,16.77,54.99,96.96,10.63,3.6,25.47,2.2,79
1104,1,26.4,37.52,32.11,12.02,5.94,25.47,2.2,79
1105,2,11.6,55.67,72.16,9.42,2.85,25.47,2.2,79
1106,2,14.24,57.06,47.94,6.73,4.01,30.51,2.2,64
1107,3,11.57,55.79,71.96,9.4,2.85,29.63,1.7,67
1108,1,17.76,56.61,92.21,10.99,4.49,29.63,1.7,67
1109,4,15.29,46.16,1.61,8.35,6.97,28.36,1.1,74
1110,3,32.23,30.26,54.09,14.53,5.39,27.24,1,82
1111,4,15.27,46.2,1.62,8.35,6.97,32.81,2.6,53
1112,2,29.74,31.82,24.57,13.76,7.03,32.81,2.6,53
1113,2,30.52,30.94,62.95,14.09,7.14,31.11,3,60
1114,3,35.79,30.26,28.34,14.9,7.28,27.27,3.3,73
1115,1,17.69,56.88,70.18,11.01,4.49,26.09,3.3,76
1116,3,13.2,51.66,87.93,10.07,2.92,27.26,3.5,70
1117,1,18.01,56.39,69.72,11.11,4.56,26.39,3.2,74
1118,2,26.36,37.51,30.52,12.06,5.96,28.67,2.9,75
1119,2,17.91,56.48,70.98,11.05,4.52,27.23,2.6,85
1120,3,15.44,46.01,1.85,8.42,6.95,26.14,2,89
1121,1,17.94,56.42,70.93,11.06,4.52,32.34,3.9,59
1122,4,29.02,30.75,39.05,10.87,6.63,30.77,3.3,65
1123,2,15.16,54.93,2.73,7.1,4.36,29.49,2.8,70
1124,3,15.39,46.1,1.93,8.41,6.96,27.96,2.3,76
1125,2,11.99,54.47,89.27,9.65,2.92,27.96,2.3,76
1126,1,26.56,37.01,32.94,12.16,5.93,29.14,3.4,73
1127,1,18.01,56.37,70.02,11.1,4.55,29.14,3.4,73
1128,1,15.16,54.92,2.77,7.1,4.36,27.2,2,80
1129,2,28.94,34.5,46.24,15.24,5.58,27.2,2.1,81
1130,1,17.99,56.31,70.72,11.06,4.53,27.77,1.6,84
1131,2,18.06,56.29,69.63,11.11,4.56,29.19,3.7,75
1132,4,15.43,46.04,1.88,8.41,6.95,29.27,3,74
1133,2,15.18,54.86,2.61,7.11,4.37,29.27,3,74
1134,3,7.55,64.61,98.56,0.6,1.09,28.69,2.9,76
1135,3,35.82,30.23,28.94,14.91,7.28,27.81,2.9,82
1136,2,17.68,56.63,91.36,10.95,4.48,29.6,2.9,76
1137,3,15.14,54.97,2.59,7.09,4.34,32,2.7,69
1138,3,17.89,56.44,92.51,11.03,4.51,27.87,2.7,92
1139,3,35.31,30.93,1.5,14.7,7.33,27.87,2.7,92
1140,3,11.7,67.24,95.73,5.78,4.04,27.46,0.9,92
1141,3,29.78,31.76,23.63,13.78,7.04,33.2,2,60
1142,2,17.79,56.6,92.35,11,4.5,31.43,1.8,67
1143,3,15.15,54.95,2.55,7.1,4.34,30.3,1.1,72
1144,3,17.92,56.43,92.64,11.04,4.51,32.47,1.9,65
1145,4,16.08,44.95,16.61,8.57,6.9,30.49,1.9,76
1146,4,30.15,40.07,92.48,11.87,7.45,30.49,1.9,76
1147,2,15.18,54.88,2.49,7.11,4.36,30.49,1.9,76
1148,2,17.67,56.84,92.58,10.99,4.48,28.84,1.6,79
1149,3,17.71,56.75,92.52,10.99,4.49,33.13,0.9,63
1150,3,17.79,56.65,70.71,11.02,4.51,29.21,2.7,69
1151,3,17.79,56.65,70.71,11.02,4.51,29.21,2.7,69
1152,3,15.15,54.94,2.46,7.1,4.34,27.64,1.5,85
1153,4,15.2,46.45,1.6,8.37,6.97,30.61,2.6,68
1154,4,15.17,54.91,2.43,7.11,4.36,30.61,2.6,68
1155,2,17.79,56.55,92.13,10.99,4.49,29.36,2.3,73
1156,2,17.82,56.55,92.42,11.01,4.5,30.31,2.7,70
1157,4,22.49,40.38,57.84,9.16,6.26,30.31,2.7,70
1158,3,15.13,54.99,2.49,7.09,4.33,28.34,2.2,73
1159,3,35.16,31.32,47.24,14.56,7.33,28.46,2,79
1160,2,17.69,56.92,70.03,11.02,4.49,28.19,2,77
1161,2,15.2,54.85,2.2,7.12,4.37,26,1,94
1162,3,29.91,31.59,53.68,13.84,7.05,25.79,1.1,95
1163,1,17.65,56.95,69.77,11,4.49,25.74,1.1,96
1164,3,26.68,36.98,31.34,12.05,5.93,32.26,1.6,60
1165,3,35.35,31.07,47.99,14.63,7.3,30.96,1.4,63
1166,2,17.05,57.81,91.19,10.8,4.4,30.96,1.4,63
1167,3,23.05,30.4,21.14,21.24,2.81,29.03,1,71
1168,2,15.21,54.82,27.52,7.13,4.37,27.66,1.3,81
1169,3,34.29,32.62,52.53,14.13,7.45,25.77,1.2,96
1170,2,17.66,56.96,69.72,11.01,4.49,25.77,1.2,96
1171,4,15.28,46.3,1.56,8.38,6.96,25.56,2.2,97
1172,3,21.59,33.57,18.46,20.6,2.55,25.29,1,97
1173,2,17.81,56.66,70.87,11.04,4.51,31.86,2.5,70
1174,3,15.21,54.82,26.54,7.13,4.37,30.03,2.1,75
1175,3,29.67,31.94,26.53,13.73,7.01,31.11,3.2,64
1176,2,17.74,56.77,70.53,11.01,4.5,30.43,3.1,65
1177,3,15.05,55.18,2.79,7.06,4.31,29.91,3.1,66
1178,3,21.53,33.67,16.95,20.63,2.53,28.9,2.8,72
1179,2,17.69,56.87,70.18,11,4.49,25.06,0.5,98
1180,3,22.75,45.3,15.06,12.53,5.48,25,0.7,98
1181,2,35.34,31.07,47.98,14.63,7.3,24.81,1.4,99
1182,3,0,96.99,99.93,0.02,1,27.71,2.6,74
1183,3,14.93,55.68,49.45,7,4.16,27.71,2.6,74
1184,2,17.78,56.74,70.74,11.04,4.51,26.37,2.2,84
1185,2,24.77,42.33,31.83,13.1,5.68,23.17,1.5,96
1186,1,21.53,33.71,16.25,20.59,2.53,22.76,0.9,98
1187,3,35.36,31.05,47.88,14.63,7.3,29,1.5,63
1188,2,14.07,57.37,48.13,6.68,4,29,1.5,63
1189,2,17.75,56.71,70.44,11.01,4.5,26.91,1.1,74
1190,3,21.28,34.41,27.49,20.43,2.52,26.91,1.1,74
1191,2,23.02,44.94,15.55,12.59,5.49,26.91,1.1,74
1192,2,17.61,56.92,92.43,10.97,4.48,30.13,2.4,73
1193,3,35.45,30.74,0.17,14.75,7.31,30.13,2.4,73
1194,3,23.02,30.97,18.1,20.91,2.83,29.7,2.1,75
1195,2,22.74,45.3,15,12.53,5.48,28.91,2.2,79
1196,2,21.53,33.52,23.02,20.74,2.52,26.74,1.6,92
1197,1,6.44,45.3,88.42,2.05,1.37,25.84,2.8,89
1198,2,17.75,56.71,70.5,11.01,4.5,25.27,2.6,90
1199,2,14.99,55.32,3.05,7.03,4.29,25.06,2.7,89
1200,3,29.17,34.45,19.61,16.57,5.57,24.66,2,90
1201,3,22.83,45.28,16.23,12.55,5.46,29.11,2.6,56
1202,2,17.74,56.68,92.37,10.99,4.49,29.11,2.6,56
1203,2,21.58,33.4,20.15,20.76,2.53,25.96,2.3,64
1204,1,0.26,95.13,96.81,0.24,1.22,30.69,1.1,64
1205,3,20.57,38.73,64.51,18.3,2.61,29.4,1,70
1206,2,0.17,94.18,95.46,0.25,1.26,29.4,1,70
1207,2,17.68,56.83,70.03,10.99,4.48,29.4,1,70
1208,2,21.52,33.52,25.09,20.77,2.52,28.63,0.8,73
1209,2,23.01,44.94,15.38,12.59,5.48,26.29,0.9,80
1210,1,23.44,44.28,15.87,12.72,5.5,24.53,0.8,97
1211,3,35.48,30.7,0.16,14.77,7.3,24.53,0.8,97
1212,2,20.35,37.06,0.51,19.59,2.52,24.2,1.4,97
1213,2,17.8,56.59,92.43,11.01,4.5,24.2,1.4,97
1214,2,21.52,42.09,50.17,8.48,9.36,24.2,1.4,97
1215,3,13.99,61.56,97.15,8.93,3.78,24.2,1.4,97
1216,1,21.48,42.19,50.93,8.48,9.36,23.86,2,97
1217,1,0,99.34,98.29,0,0,22.54,1.9,78
1218,1,29.41,36.43,61.35,9.1,10.18,21.81,1.7,83
1219,2,17.64,56.73,91.65,10.95,4.48,21.81,1.7,83
1220,1,21.45,35.83,0.46,19.3,2.74,21.81,1.7,83
1221,3,8.34,62.77,98.82,5.31,7.95,21.61,1.7,85
1222,2,35.26,31.04,1.42,14.66,7.32,20.79,0.5,90
1223,3,23.08,36.41,13.88,21.35,2.35,27.53,1.8,74
1224,2,16.88,58.17,91.47,10.76,4.37,28.23,1.5,72
1225,4,32.58,36.93,83.22,11.84,7.67,29.39,2.2,67
1226,3,24.01,37.28,21.6,10.49,6.78,28.9,1.7,59
1227,3,24.04,36.2,52.94,10.32,6.94,28.9,1.7,59
1228,3,11.53,63.79,2.75,9.46,4.73,28.9,1.7,59
1229,3,23.74,33.11,64.33,22.01,2.38,28.9,1.7,59
1230,3,26.92,34.52,85.41,16.01,3.18,29.59,1.6,56
1231,3,25.38,36.66,56.5,13.77,3.13,30.53,1.7,51
1232,3,12.17,62.67,47.08,9.6,4.78,30.67,1.9,51
1233,3,24.44,33.05,70.88,16.3,6.06,28.77,2.7,67
1234,3,2.78,77.29,99.75,1.16,3.52,30.49,2.2,63
1235,3,22.58,39.95,13.15,17.39,5.64,30.56,2.3,64
1236,2,17.75,56.61,92.11,10.98,4.49,30.56,2.3,64
1237,2,29.92,31.65,12.51,17.21,3.97,31.23,2.3,68
1238,2,21.54,33.54,21.62,20.72,2.53,27.4,0.8,89
1239,3,0,95.49,99.79,0.02,0.89,28.61,3,64
1240,3,15.21,55.07,50.27,7.12,4.25,29.59,2.7,57
1241,3,16.95,58.16,92.39,10.8,4.38,30.84,2.9,50
1242,2,21.58,33.41,20.33,20.76,2.53,30.84,2.9,50
1243,3,16.09,33.6,97.45,4.77,5.6,30.84,2.9,50
1244,3,21.78,31.66,95.56,7.01,3.85,24.66,0.9,69
1245,2,17.71,56.74,92.4,10.99,4.49,30.33,1.7,56
1246,3,25.69,36.29,29.35,13.77,3.1,31.8,1.4,52
1247,2,20.32,37.73,98.63,21.61,2.16,31.79,1.5,54
1248,3,6.11,52.69,74.25,2.32,1.56,31.79,1.5,54
1249,2,15.44,45.76,96.61,2.36,1.02,31.6,1,57
1250,3,26.18,34.35,88.79,17.08,2.58,27.01,1,75
1251,3,26.63,33.13,86.46,17.79,2.62,27.01,1,75
1252,2,17.7,56.8,70.17,11,4.49,27.13,1.1,76
1253,3,35.47,30.71,0.17,14.76,7.31,27.34,0.7,77
1254,3,19.63,39.19,12.33,19.76,2.58,25.36,1.1,92
1255,3,35.53,30.62,0.16,14.79,7.3,20.39,2.2,93
1256,1,22.13,41.43,42.63,8.49,9.41,20.39,2.2,93
1257,2,17.64,56.82,92.24,10.97,4.48,21.61,2.8,85
1258,3,21.88,30.56,32.07,9.44,3.31,21.97,3,80
1259,1,0,99.97,98.31,0,0,22.37,1,85
1260,3,21.57,41.93,48.41,8.49,9.35,22.37,1,85
1261,2,14.82,65.45,55.2,7,4.54,27.74,1.6,61
1262,3,25.95,35.1,87.31,16.58,2.53,28.4,1.9,59
1263,3,27.21,31.93,92.16,15.7,2.75,28.4,1.9,59
1264,3,14.76,46.54,94.26,5.3,6.79,29.17,1.5,56
1265,2,17.52,57.07,92.41,10.95,4.47,26.09,2.7,60
1266,3,15.22,53.39,98.81,12.92,2.2,26.61,2.8,57
1267,3,15.19,55.15,51.25,7.11,4.22,28.57,2.1,51
1268,2,11.84,58.07,84.02,2.57,3.12,22.3,0.9,82
1269,2,17.49,57.12,92.38,10.94,4.47,26.09,2.5,55
1270,2,15.23,55.09,51.65,7.13,4.23,27.13,3,38
1271,2,15.24,46.27,1.61,8.35,6.97,20.54,1,71
1272,2,17.46,57.18,92.43,10.94,4.47,26.11,3,45
1273,1,15.23,55,49.73,7.13,4.26,26.93,2.6,42
1274,2,21.74,33.34,13.83,20.55,2.62,27.49,2.9,41
1275,1,15.21,46.53,2.37,8.39,6.98,27.49,2.9,41
1276,2,34.52,32.35,52.57,14.24,7.41,22.84,1.9,76
1277,3,16.78,43.68,90.73,2.21,1.54,22.47,1.7,81
1278,3,17.97,55.83,98.23,13.97,2.28,22.47,1.7,81
1279,2,15.36,46.34,2.24,8.46,6.99,22.47,1.7,81
1280,1,17.54,56.98,92.21,10.95,4.47,22.57,1.9,78
1281,3,3.83,86.59,99.63,1.31,3.48,28.33,2.3,42
1282,2,21.7,34.93,44.9,11.06,6.89,20.33,1.5,98
1283,2,13.39,51.21,71.08,7.71,7.31,20.33,1.5,98
1284,2,0,99.97,98.71,0,0,20.93,0.4,99
1285,2,1,90.44,98.86,1.56,1.15,20.93,0.4,99
1286,2,0,98.76,98.82,0,0,20.93,0.4,99
1287,1,17.45,57.15,92.21,10.93,4.47,21.2,0.8,98
1288,1,21.8,32.88,19.88,20.81,2.59,21.84,1.5,95
1289,2,12.42,33.1,90.57,4.48,1.57,21.84,1.5,95
1290,1,36.68,30.04,52.1,15.29,2.59,22.57,2.2,92
1291,1,0,99.97,98.71,0,0,22.39,1.5,90
1292,2,15.48,46.27,2.21,8.57,7.01,21.6,1.4,88
1293,1,25.66,38.33,34.52,13.19,7.11,23.36,1.4,80
1294,1,0,99.97,98.71,0,0,22.84,1.2,83
1295,2,12.79,66.3,99.3,8.25,3.45,24.09,1.7,77
1296,2,23.46,34.27,59.33,21.53,2.39,23.5,1.7,80
1297,2,27.11,30.24,43.95,21.87,3.86,23.1,2.3,80
1298,1,24.56,41.12,14.11,14.44,6.91,24.09,3.1,75
1299,1,24.72,39.3,51.69,15.48,6.56,24.09,3.1,75
1300,1,22.25,39.26,90.32,19.44,2.39,23.31,3,76
1301,2,21.13,43.1,90.56,2.52,2.01,23.49,3.3,81
1302,1,21.41,34.12,22.02,20.47,2.53,23.64,3,77
1303,1,18.94,51.58,97.37,15.57,2.29,23.64,3,77
1304,1,5.23,89.66,98.74,0.55,1.16,23.83,2.7,87
1305,3,21.66,34.18,14.11,21.52,2.46,27.31,2.7,75
1306,2,17.58,56.92,92.22,10.95,4.48,27.31,2.7,75
1307,2,15.2,46.54,2.38,8.39,6.98,29.41,1.7,72
1308,3,29.65,35.72,97.85,8.39,1.66,29.41,1.7,72
1309,2,26.29,34.22,73.06,15.08,4.36,29.84,1.5,70
1310,3,21.81,32.78,19.36,20.87,2.58,29.84,1.5,70
1311,2,17.58,56.98,92.49,10.97,4.48,26.69,1.5,86
1312,2,0,99.97,98.71,0,0,26.36,1,91
1313,3,20.11,35.23,17.28,20.85,2.4,25.73,1.1,94
1314,2,15.52,46.23,2.64,8.6,7.02,19.94,4.7,87
1315,2,15.52,46.23,2.64,8.6,7.02,19.94,4.7,87
1316,2,17.46,57.12,92.16,10.93,4.47,24.7,3.5,64
1317,1,13.27,60.62,98.91,10.86,2.34,25.09,3.6,63
1318,2,21.95,33.49,1.5,21.83,2.46,25.93,2.7,56
1319,3,18.12,53.15,97.47,14.53,2.44,25.93,2.7,56
1320,2,15.21,46.52,2.37,8.38,6.98,25.93,2,57
1321,1,4.84,34.04,95.03,3.22,1.09,25.93,2,57
1322,2,17.57,57.06,68.98,10.97,4.48,25.64,2.1,53
1323,1,20.42,45.7,97.26,17.14,2.4,27.7,2.1,40
1324,1,13.89,62.55,96.1,8.35,3.5,24.9,1.5,55
1325,2,17.16,57.42,90.16,10.83,4.43,24.39,2.5,63
1326,2,15.1,46.67,2.47,8.34,6.98,27.2,2.5,53
1327,1,27.54,44.74,89.76,10.41,7.77,27.74,2.9,49
1328,2,15.12,55.05,36.12,7.09,4.31,28.03,3.1,48
1329,2,19.92,53.93,98.84,6.94,2.13,26.17,3.8,53
1330,1,17.39,57.36,66.41,10.92,4.46,23.09,3.3,66
1331,1,15.12,55.25,48.72,7.07,4.22,23.09,3.3,66
1332,2,15.18,46.71,2.5,8.41,6.99,23.59,2.7,62
1333,2,15.21,46.45,2.34,8.38,6.97,23.3,1.2,70
1334,1,9.31,84.92,96.91,1.52,3.97,26.11,2.4,65
1335,3,4.93,86.23,63.52,1.84,1.2,27.41,2.9,62
1336,1,17.43,57.22,92.31,10.93,4.46,23.44,1.3,76
1337,1,21.73,32.93,17.6,20.88,2.54,23.37,0.9,81
1338,2,15.15,46.62,2.43,8.37,6.98,23.37,0.9,81
1339,2,23.46,34.3,55.78,21.51,2.39,24.03,1.1,80
1340,1,7.75,59.81,93.75,1,1.57,27.1,3.7,66
1341,2,20.45,43.26,37.45,8.99,6.05,27.47,4.4,61
1342,2,17.44,57.29,66.9,10.94,4.46,27.66,3.7,60
1343,3,23.07,32.09,0.44,20.25,2.85,27.66,3.7,60
1344,2,0.97,69.45,97.01,0.87,1.43,27.5,3.5,58
1345,2,14.81,55.86,42.83,6.95,4.14,27.21,4,53
1346,3,28.99,30.93,36.35,10.67,6.7,27.21,4,53
1347,1,27.83,35.97,49.42,14.38,5.83,27.57,4.5,51
1348,2,17.39,57.36,92.5,10.92,4.46,27.19,4.8,54
1349,2,17.39,57.36,92.5,10.92,4.46,27.19,4.8,54
1350,2,16.42,58.67,64.04,10.61,4.33,27.19,4.8,54
1351,2,11.26,65.98,99.57,8.67,2.04,27.19,4.8,54
1352,2,21.16,35.45,24.96,19.76,2.54,26.19,4.1,58
1353,4,6.81,63.32,87.7,0.88,1.46,28.47,2.3,67
1354,3,0,99.97,98.43,0,0,28.03,1.9,72
1355,3,23.75,30.41,97.24,11.07,3.89,30.06,1.7,63
1356,3,17.37,57.23,91.8,10.9,4.46,30.06,1.7,63
1357,2,6.61,61.57,87.93,0.98,1.45,28.19,2.3,71
1358,2,15.11,46.65,2.46,8.35,6.98,28.19,2.3,71
1359,3,17.45,57.11,92.02,10.92,4.46,28.19,2.3,71
1360,3,21.45,51.28,25.15,8.13,3.06,25.5,4.7,77
1361,2,6.67,60.25,91.83,1.07,1.42,26.9,3.7,70
1362,3,0,99.31,98.5,0,0,28.07,4,61
1363,3,17.43,57.16,92.04,10.92,4.46,28.07,4,61
1364,2,3.59,93.72,98.6,0.2,1.12,16.99,1.1,73
1365,2,2.79,95.36,98.62,0.08,1.86,16.99,1.1,73
1366,2,27.66,31.2,82.4,8.5,4.24,22.54,3.5,43
1367,2,35.2,31.23,45.67,14.59,7.32,23.03,3,44
1368,1,22.51,32.51,23.25,20.38,2.84,23.03,3,44
1369,1,0,99.97,98.72,0,0,20.79,3.3,55
1370,2,15.11,46.6,2.44,8.34,6.97,12.99,1,92
1371,2,4.52,50.67,99.57,1.21,1.04,25.74,2.1,49
1372,2,22.6,32.83,21.12,20.14,2.85,22.87,3.3,40
1373,3,15.04,32.34,30.13,10.72,1.48,23.97,2.8,50
1374,1,0,99.97,98.71,0,0,24.16,1.9,58
1375,2,24.46,39.65,90.46,14.69,3.03,27.6,2.5,41
1376,2,29.93,32.08,81.61,15.12,5.81,27.6,2.5,41
1377,1,28.24,34.89,43.48,13.2,6.73,23.11,3.3,36
1378,1,17.24,57.5,91.8,10.86,4.43,23.11,3.3,36
1379,2,35.06,31.43,45.81,14.53,7.32,22.57,1.3,43
1380,2,35.05,31.45,46.32,14.52,7.33,20.49,1,58
1381,1,28.41,34.46,42.37,13.37,6.78,22.06,1.5,55
1382,2,27.04,35.08,59.79,12.11,6.08,22.33,1.6,54
1383,2,26.72,36,56.16,12.14,6.14,22.46,1.6,55
1384,2,26.54,36.75,57.62,12.08,6.2,22.46,1.6,55
1385,1,11.74,46.88,95.35,4.17,4.48,22.43,1.1,56
1386,2,17.01,58.33,92.87,7.68,3.08,19.4,1,76
1387,1,2.23,96.16,98.62,0.08,1.92,20.47,1.1,71
1388,1,22.02,36.41,66.48,18.41,2.92,20.47,1.1,71
1389,1,17.31,57.41,92.07,10.89,4.44,20.47,1.1,71
1390,3,28.31,34.64,36.82,13.24,6.76,24.59,2.7,59
1391,1,21.04,38.81,91.12,7.07,6.45,25.34,3.1,56
1392,3,35.56,31.99,69.25,14.95,2.07,25.83,2.7,52
1393,2,20.26,40.53,76.19,17.19,2.83,25.83,2.7,52
1394,2,34.98,31.32,8,15.09,7.99,22.36,1,66
1395,2,2.46,55.73,93.8,1.16,1.03,22.97,0.7,64
1396,3,28.31,34.64,36.82,13.24,6.76,24.11,1.1,58
1397,2,30.65,30.07,20.93,15.56,5.68,24.07,1.2,53
1398,2,20.66,30.61,29.87,6.52,8.99,25.51,1.9,53
1399,4,0,99.97,98.71,0,0,26.86,1.7,46
1400,1,9.53,44.77,80.5,4.37,10.46,28.2,1.1,37
1401,1,15.97,60.51,93.69,6.86,5.29,27.11,1.3,41
1402,2,27.73,42.46,58.43,11.88,9,24.31,1.4,60
1403,3,0.34,99.46,7.38,0.08,1.69,28.56,1.3,38
1404,4,1.91,96.59,96.64,0.58,1.05,28.56,1.3,38
1405,1,0.52,99.28,97.98,0.09,1.64,29.21,1.4,33
1406,1,11.42,78.39,96.91,1.56,2.15,29.21,1.4,33
1407,1,28.41,34.44,39.35,13.35,6.78,28.39,1,29
1408,2,0,99.97,98.71,0,0,28.39,1,29
1409,3,24.74,34.72,86.93,11.26,4.11,28.39,1,29
1410,2,35.04,31.51,48.25,14.5,7.33,24.9,1.9,85
1411,3,21.87,31.14,36.69,19.54,3.66,22.93,1.1,98
1412,4,25.28,37.29,90.23,16.44,2.98,16.74,1.9,64
1413,4,19.54,51.91,98.29,3.57,2.01,16.74,1.9,64
1414,1,25.33,37.27,90.27,16.4,2.98,18.57,3.1,56
1415,4,25.28,37.4,90.31,16.33,2.99,18.57,3.1,56
1416,2,25.51,36.68,90,16.79,2.98,18.57,3.1,56
1417,2,25.02,38.04,90.48,15.98,3.01,18.57,3.1,56
1418,4,25.69,36.65,90.18,16.56,2.99,20.46,3.4,45
1419,1,25.4,37.47,90.42,15.04,3.09,20.46,3.4,45
1420,4,25.22,37.5,90.31,16.3,2.99,20.46,3.4,45
1421,4,25.3,37.45,90.38,16.23,2.99,20.64,3.5,44
1422,1,25.19,37.67,90.4,16.16,2.99,20.64,3.5,44
1423,1,25.28,37.49,90.38,16.23,2.99,20.64,3.5,44
1424,3,23.59,41.17,90.12,14.31,2.98,19.93,3.8,46
1425,2,24.49,39.18,47.96,15.69,6.51,31.31,2.1,58
1426,2,24.49,39.18,47.96,15.69,6.51,31.31,2.1,58
1427,4,24.36,41.23,8.58,14.41,6.95,31.31,2.1,58
1428,4,24.47,41.09,6.5,14.45,6.92,31.31,2.1,58
1429,3,32.07,30.59,56.85,14.46,5.4,31.31,2.1,58
1430,3,12.59,64.45,99.42,9.01,2.49,32.37,2.7,53
1431,4,28.01,32.51,11.79,10.53,6.75,34.43,2.3,47
1432,2,27.26,34.74,8.07,12.32,5.86,34.43,2.3,47
1433,4,21.25,50.53,92.36,11.2,4.2,34.46,3.1,43
1434,4,11.36,41.68,86.59,4.63,1.73,34.46,3.1,43
1435,3,32.11,30.51,56.22,14.49,5.4,32.6,1.8,45
1436,4,18.01,56.25,92.6,11.06,4.53,33.86,2.4,43
1437,4,18.01,56.25,92.6,11.06,4.53,33.86,2.4,43
1438,1,0.43,99,87.26,0,1,35.41,2.2,38
1439,3,14.95,55.37,56.54,6.97,4.35,35.41,2.2,38
1440,4,22.79,40.89,76.92,10.54,3.79,35.41,2.8,38
1441,4,18.04,41.33,20.26,9.62,6.76,30.87,1.3,54
1442,4,4.41,76.82,97.04,1.24,4.25,32.84,1.7,50
1443,2,27.17,33.86,66.79,12.22,5.81,32.84,1.7,50
1444,2,27.17,33.86,66.79,12.22,5.81,32.84,1.7,50
1445,3,15.92,43.49,91.41,11.22,2.77,34,1.9,47
1446,4,9.18,74.54,98.67,5.68,2.21,34,1.9,47
1447,2,15.04,69.29,96.03,4.23,2.21,34,1.9,47
1448,4,18.06,56.21,70.36,11.08,4.54,34.49,2.6,46
1449,3,3.55,57.11,97.13,0.5,10.7,30.99,1.9,58
1450,3,1.51,68.01,99.9,0.41,1.07,30.99,1.9,58
1451,3,14.66,50.87,99.61,3.6,2.82,31.2,1.3,58
1452,1,15.25,55.14,55.37,7.15,4.2,31.2,1.3,58
1453,4,17.81,41.81,19.8,9.47,6.74,30.2,1.1,65
1454,3,32.08,30.59,56.77,14.48,5.4,30.86,1.4,63
1455,2,0.84,87.92,99.8,0.05,1,32.17,1.3,57
1456,2,0.84,87.92,99.8,0.05,1,32.17,1.3,57
1457,4,18.21,40.83,22.14,9.64,6.75,31.2,1.6,63
1458,3,11.59,56.31,49.05,9.49,2.94,31.91,1.9,61
1459,3,0.15,89.14,99.95,0.16,4.72,27.3,1.8,80
1460,4,15.93,45.16,16.2,8.5,6.91,31.23,2.2,62
1461,4,19.15,31.11,98.92,15,1.37,31.99,2.2,59
1462,3,31.87,30.9,59.37,14.35,5.42,31.99,2.2,59
1463,3,18.06,56.2,70.42,11.08,4.53,32.84,2.1,58
1464,3,2.93,71.68,99.1,1.23,1.71,32.07,3,60
1465,3,2.93,71.68,99.1,1.23,1.71,32.07,3,60
1466,3,2.93,71.68,99.1,1.23,1.71,32.07,3,60
1467,3,8.38,77.33,98.32,2.93,15.28,32.07,3,60
1468,3,2.54,85.32,99.41,0.13,0.99,32.74,3.3,59
1469,3,31.89,30.87,59.05,14.36,5.42,32.84,3.3,57
1470,2,3.83,87.91,98.48,1.64,2.01,33.41,3.9,54
1471,3,12.36,62.3,97.89,8.76,3.04,29.76,2.3,79
1472,3,14.74,56.06,46.07,6.92,4.1,31.14,2.4,70
1473,3,13.06,36.79,95.9,4.94,3.93,29.94,1.6,81
1474,2,17.8,56.61,92.53,11.01,4.51,29.94,1.6,81
1475,3,26.69,34.78,2.37,10.18,6.57,30.87,1.3,77
1476,3,26.69,34.78,2.37,10.18,6.57,30.87,1.3,77
1477,4,6.28,69.06,94.7,0.98,1.4,32.29,2.4,56
1478,3,14.36,56.85,50.33,6.77,4.01,32.56,2.6,56
1479,4,19.3,38.9,19.55,9.93,6.77,33.51,2.3,53
1480,3,14.28,70.94,93.59,4.37,2.25,33.64,2.8,53
1481,3,17.22,57.52,91.76,10.86,4.43,33.09,1.5,56
1482,3,32.15,30.45,55.68,14.5,5.39,33.09,1.5,56
1483,3,15.04,55.19,2.93,7.05,4.32,33.86,2.6,54
1484,3,15.04,55.19,2.93,7.05,4.32,33.86,2.6,54
1485,3,12.19,54.68,47.71,9.84,3.05,33.29,3.6,57
1486,3,31.89,30.86,59.05,14.36,5.42,28.94,1.6,72
1487,4,1.49,92.48,35.05,0.37,1.23,28.36,2.6,64
1488,3,1.48,92.5,85.12,0.37,1.23,28.36,2.6,64
1489,2,31.89,30.86,59.02,14.36,5.42,29.24,2.3,62
1490,3,26.17,35.72,9.99,10.07,6.6,27.63,3.2,66
1491,3,2.88,59.95,98.25,0.63,1.35,25.54,2.4,76
1492,3,2.88,59.95,98.25,0.63,1.35,25.54,2.4,76
1493,3,26.11,35.79,10.08,10.05,6.62,26.87,2.1,71
1494,3,26.11,35.79,10.08,10.05,6.62,26.87,2.1,71
1495,3,31.91,30.82,58.79,14.36,5.42,27.29,2.5,71
1496,4,23.66,38.93,47.41,11.58,2.84,32.97,3.7,54
1497,4,23.66,38.93,47.41,11.58,2.84,32.97,3.7,54
1498,2,30.11,35.34,68.79,9.31,10.04,29.53,2,55
1499,1,27.15,33.85,67.41,12.2,5.8,30.71,2.1,52
1500,3,27.14,36.12,97.11,10.14,2.35,30.71,2.1,52
1501,3,27.9,32.84,96.46,11.66,2.21,30.71,2.1,52
1502,3,27.98,32.18,96.18,12.12,2.29,30.71,2.1,52
1503,4,15.23,46.33,1.59,8.36,6.97,32.1,2.5,46
1504,3,11.9,54.54,90.19,9.6,2.89,32.96,2.1,42
1505,3,0,99.86,99.97,0,0,33,1.9,41
1506,4,26.29,35.53,10.08,10.09,6.6,31.34,2,48
1507,1,17.67,38.67,75.49,10.99,2.75,21.6,0.7,94
1508,3,34.56,32.16,48.04,14.27,7.42,28.5,2.3,59
1509,3,15.35,54.89,53.8,7.2,4.25,31.29,2.5,51
1510,3,32.04,30.67,57.42,14.46,5.4,31.29,2.5,51
1511,3,26.23,35.63,10.1,10.07,6.61,31.81,2.6,47
1512,3,11.85,54.73,91.42,9.58,2.89,31.81,2.6,47
1513,3,11.61,45.8,99.73,1.58,1.2,31.81,2.6,47
1514,1,17.91,56.63,70.48,11.11,4.56,22.24,2.7,96
1515,2,26.2,35.67,10.11,10.07,6.61,22.24,2.7,96
1516,3,2.15,82.14,99.95,1.01,10.73,22.24,2.7,96
1517,4,6.46,57.31,99.12,1.03,1.18,32.44,1.5,52
1518,3,32.1,30.49,56.03,14.45,5.4,30.2,1.4,61
1519,4,20.79,48.92,83.09,9.93,2.53,31.09,1.7,57
1520,4,20.01,50.7,42.66,9.3,2.49,31.09,1.7,57
1521,4,4.97,30.34,97.62,1.84,1.21,31.09,1.7,57
1522,2,16.99,58.11,57.78,10.82,4.39,32.19,1.6,52
1523,3,25.73,35.44,79.9,16.38,2.51,32.19,1.6,52
1524,3,13.46,64.83,94.22,6.74,4.37,33,1.6,46
1525,2,17.78,56.73,70.73,11.03,4.51,29.64,2.3,72
1526,2,17.22,57.16,84.68,10.82,4.45,27.8,2.7,59
1527,2,32.2,30.26,54.07,14.5,5.4,28.54,2.2,57
1528,3,25.33,36.64,9.67,10.07,6.61,26.16,1.6,75
1529,1,17.78,56.69,70.67,11.02,4.5,27.19,1.7,70
1530,1,21.29,45.51,94.82,12,4.35,27.19,1.7,70
1531,2,24.21,43.81,42.43,10.19,6.43,27.19,1.7,70
1532,2,32.05,30.57,56.74,14.44,5.4,27.19,1.7,70
1533,1,17.92,56.52,70.67,11.07,4.53,27.96,1.8,76
1534,3,32.09,30.49,56.08,14.45,5.4,29.76,1.9,70
1535,2,27.71,31.65,89.51,18.77,3,31.03,2.3,62
1536,1,17.79,56.63,92.51,11.01,4.5,30.6,1.8,62
1537,1,17.89,56.5,71.07,11.04,4.51,28.87,1.6,74
1538,3,25.81,35.53,88.34,16.35,2.52,28.87,1.6,74
1539,3,29.76,31.81,26.21,13.77,7.01,30.59,1.7,67
1540,3,31.99,30.67,57.63,14.4,5.41,32.23,2.1,57
1541,4,26.54,33.45,88.95,17.62,2.62,32.23,2.1,57
1542,4,26.49,33.52,83.97,17.49,2.6,32.23,2.1,57
1543,3,26.47,33.68,89.49,17.53,2.62,32.23,2.1,57
1544,4,25.97,34.99,88.79,16.74,2.54,32.23,2.1,57
1545,4,5.06,75.78,20.38,1.62,4.51,30.2,2.4,59
1546,3,6.96,39.1,82.83,2.97,1.23,30.2,2.4,59
1547,2,15.19,54.85,2.52,7.12,4.37,30.2,2.4,59
1548,4,3.21,62.67,96.7,1.29,1.14,29.91,3,59
1549,4,22.44,41.54,24.76,9.98,2.85,30.1,3.1,61
1550,2,0.98,91.33,99.94,0.01,1,26.14,2.3,81
1551,1,5.86,55.29,97.6,2.32,1.56,27.79,3.1,75
1552,3,15.43,46.03,1.87,8.42,6.95,30.2,2.5,70
1553,3,0,97.94,99.82,0.01,1,32,2.6,63
1554,3,26.07,34.32,49.58,11.73,6,32,2.6,63
1555,4,14.98,55.3,48.93,7,4.35,33.73,2.6,57
1556,3,28.46,31.69,1.09,10.73,6.64,33.69,3.3,55
1557,1,14.84,55.81,44.59,6.97,4.14,29.44,3.2,71
1558,2,17.9,56.53,70.94,11.06,4.52,29.44,3.2,71
1559,1,26.58,37.18,31.35,12.03,5.94,29.31,2.8,73
1560,4,15.42,46.06,1.89,8.41,6.95,29.59,2.6,72
1561,1,17.95,56.47,70.49,11.09,4.54,28.29,2.2,81
1562,2,15.2,54.83,25.84,7.12,4.38,28.29,2.2,81
1563,3,15.47,45.99,1.82,8.43,6.95,26.23,2.6,94
1564,3,12.29,53.49,85.71,9.76,2.88,28.54,1.8,77
1565,3,35.05,31.34,54.26,14.69,8.04,29.6,2.3,69
1566,2,15.6,53.74,64.08,7.27,4.49,29.9,3.1,69
1567,4,21.46,45.59,91.18,12.26,2.82,30.16,2.9,68
1568,4,21.87,44.28,72.92,13.34,2.97,30.16,2.9,68
1569,4,21.05,47.09,90.02,11.91,2.85,30.47,2.8,66
1570,2,25.98,42.15,90.14,7.99,5.05,27.3,1.6,93
1571,3,28.49,31.64,1.08,10.73,6.64,27.9,2.3,90
1572,3,30.61,30.79,63.11,14.32,7.13,28.47,2.1,87
1573,3,35.31,30.92,1.51,14.7,7.33,29.34,2.5,78
1574,3,11.7,67.24,95.73,5.78,4.04,32.4,2.3,66
1575,2,15.16,54.91,2.83,7.1,4.36,33.46,2.9,60
1576,4,17.92,56.44,70.97,11.04,4.51,34.86,3.1,53
1577,3,0,99.74,99.99,0,0,35.27,2.8,52
1578,4,15.24,46.36,1.57,8.38,6.97,29.79,1.6,76
1579,3,34.92,31.56,33.35,14.47,7.37,29.6,1.3,76
1580,4,15.14,54.96,2.39,7.1,4.34,29.31,2.6,76
1581,4,15.15,54.95,2.58,7.1,4.34,31.2,1.9,67
1582,3,29.88,38.47,12.04,8.71,5.15,31.41,1.8,69
1583,4,15.19,46.5,2.37,8.37,6.97,32.69,2,63
1584,4,15.21,46.38,1.59,8.36,6.97,31.2,1.6,70
1585,4,14.98,55.61,50.76,7.02,4.16,32.59,1.6,63
1586,4,14.98,55.61,50.76,7.02,4.16,32.59,1.6,63
1587,3,0,99.97,98.32,0,0,33.21,2.1,60
1588,3,27.07,34.4,56.5,12.9,6.38,33.21,2.1,60
1589,4,28.51,31.71,1.31,10.59,6.72,35.37,2.2,54
1590,3,0,97.28,99.84,0.01,1,33.41,2.6,65
1591,3,35.29,30.96,1.47,14.68,7.32,33.41,2.6,65
1592,3,17.89,56.48,92.65,11.04,4.51,35.43,3,55
1593,4,15.16,54.91,2.45,7.11,4.36,35.43,3,55
1594,3,34.41,32.42,49.49,14.16,7.46,33.21,2.4,64
1595,3,15.17,54.9,2.13,7.11,4.35,30.47,2.9,68
1596,3,27.06,34.44,57.42,12.89,6.37,30.47,2.9,68
1597,3,17.9,56.46,92.65,11.04,4.51,31.53,2.8,64
1598,3,15.15,54.94,2.4,7.1,4.34,30.76,2.7,63
1599,4,24.36,34.36,96.67,8.19,3.91,28.57,1.7,76
1600,3,24.43,34.44,84.67,8.56,3.79,28.57,1.7,76
1601,3,0.02,94.35,99.4,0.01,0.32,28.59,1.9,73
1602,2,15.14,54.96,2.58,7.1,4.34,29.13,1.9,74
1603,2,10.94,32.5,33.51,1.73,1.2,28.79,1.8,76
1604,2,15.17,54.9,2.32,7.11,4.37,26.13,1.5,94
1605,2,17.66,48.39,95.46,6.52,1.47,27.04,1,93
1606,3,17.69,56.9,70.07,11.01,4.49,32.97,1.4,60
1607,3,15.19,54.87,2.04,7.12,4.36,33.5,1.7,58
1608,4,24.79,30.66,83.53,21.44,2.66,31.5,2.2,71
1609,4,21.55,33.68,17.08,20.59,2.54,32.67,2.1,66
1610,3,15.15,54.94,2.33,7.1,4.34,32.67,2.1,66
1611,3,23.21,32.74,38.92,19.28,3.07,25.61,2.2,94
1612,4,21.6,33.5,17.72,20.65,2.54,32.2,2.6,67
1613,3,15.17,54.9,2.23,7.11,4.36,32.2,2.6,67
1614,3,26.37,37.19,2.97,16.67,5.32,32.2,2.6,67
1615,3,17.68,56.92,69.99,11.01,4.49,32.9,2.6,63
1616,4,15.15,46.57,2.41,8.36,6.97,32.9,2.6,63
1617,4,15.17,46.52,2.38,8.36,6.97,31.94,3,62
1618,4,21.62,33.43,18.21,20.66,2.54,32.54,3.5,59
1619,1,0.54,99.26,98.41,0.09,1.64,32.54,3.5,59
1620,4,15.07,55.05,57.97,7.02,4.41,33.34,3.9,58
1621,2,28.12,33.48,89.79,10.08,3.38,23.83,1.4,98
1622,3,35.16,31.24,40.89,14.59,7.33,24.31,0.6,97
1623,3,23.08,36.41,13.88,21.35,2.35,27.53,1.8,74
1624,2,16.88,58.17,91.47,10.76,4.37,28.23,1.5,72
1625,4,32.58,36.93,83.22,11.84,7.67,29.39,2.2,67
1626,3,24.01,37.28,21.6,10.49,6.78,28.9,1.7,59
1627,3,24.04,36.2,52.94,10.32,6.94,28.9,1.7,59
1628,3,11.53,63.79,2.75,9.46,4.73,28.9,1.7,59
1629,3,23.74,33.11,64.33,22.01,2.38,28.9,1.7,59
1630,3,26.92,34.52,85.41,16.01,3.18,29.59,1.6,56
1631,3,25.38,36.66,56.5,13.77,3.13,30.53,1.7,51
1632,3,12.17,62.67,47.08,9.6,4.78,30.67,1.9,51
1633,3,24.44,33.05,70.88,16.3,6.06,28.77,2.7,67
1634,3,2.78,77.29,99.75,1.16,3.52,30.49,2.2,63
1635,3,22.58,39.95,13.15,17.39,5.64,30.56,2.3,64
1636,2,17.75,56.61,92.11,10.98,4.49,30.56,2.3,64
1637,2,29.92,31.65,12.51,17.21,3.97,31.23,2.3,68
1638,2,21.54,33.54,21.62,20.72,2.53,27.4,0.8,89
1639,3,0,95.49,99.79,0.02,0.89,28.61,3,64
1640,3,15.21,55.07,50.27,7.12,4.25,29.59,2.7,57
1641,3,16.95,58.16,92.39,10.8,4.38,30.84,2.9,50
1642,2,21.58,33.41,20.33,20.76,2.53,30.84,2.9,50
1643,3,16.09,33.6,97.45,4.77,5.6,30.84,2.9,50
1644,3,21.78,31.66,95.56,7.01,3.85,24.66,0.9,69
1645,2,17.71,56.74,92.4,10.99,4.49,30.33,1.7,56
1646,3,25.69,36.29,29.35,13.77,3.1,31.8,1.4,52
1647,2,20.32,37.73,98.63,21.61,2.16,31.79,1.5,54
1648,3,6.11,52.69,74.25,2.32,1.56,31.79,1.5,54
1649,2,15.44,45.76,96.61,2.36,1.02,31.6,1,57
1650,3,26.18,34.35,88.79,17.08,2.58,27.01,1,75
1651,3,26.63,33.13,86.46,17.79,2.62,27.01,1,75
1652,2,17.7,56.8,70.17,11,4.49,27.13,1.1,76
1653,3,35.47,30.71,0.17,14.76,7.31,27.34,0.7,77
1654,3,19.63,39.19,12.33,19.76,2.58,25.36,1.1,92
1655,3,35.53,30.62,0.16,14.79,7.3,20.39,2.2,93
1656,1,22.13,41.43,42.63,8.49,9.41,20.39,2.2,93
1657,2,17.64,56.82,92.24,10.97,4.48,21.61,2.8,85
1658,3,21.88,30.56,32.07,9.44,3.31,21.97,3,80
